WARNING:tensorflow:From C:\Users\hshar\Sa-g-ta-\.venv\lib\site-packages\spleeter\separator.py:146: calling DatasetV2.from_generator (from tensorflow.python.data.ops.dataset_ops) with output_types is deprecated and will be removed in a future version.
Instructions for updating:
Use output_signature instead
WARNING:tensorflow:From C:\Users\hshar\Sa-g-ta-\.venv\lib\site-packages\spleeter\separator.py:146: calling DatasetV2.from_generator (from tensorflow.python.data.ops.dataset_ops) with output_shapes is deprecated and will be removed in a future version.
Instructions for updating:
Use output_signature instead
WARNING:tensorflow:From C:\Users\hshar\Sa-g-ta-\.venv\lib\site-packages\keras\layers\normalization\batch_normalization.py:514: _colocate_with (from tensorflow.python.framework.ops) is deprecated and will be removed in a future version.
Instructions for updating:
Colocations handled automatically by placer.
2026-06-06 08:42:09.542 WARNING streamlit.runtime.scriptrunner_utils.script_run_context: Thread 'MainThread': missing ScriptRunContext! This warning can be ignored when running in bare mode.
2026-06-06 08:42:09.546 WARNING streamlit.runtime.state.session_state_proxy: Session state does not function when running a script without `streamlit run`
2026-06-06 08:42:09.546 WARNING streamlit.runtime.scriptrunner_utils.script_run_context: Thread 'MainThread': missing ScriptRunContext! This warning can be ignored when running in bare mode.
2026-06-06 08:42:09.547 WARNING streamlit.runtime.scriptrunner_utils.script_run_context: Thread 'MainThread': missing ScriptRunContext! This warning can be ignored when running in bare mode.
2026-06-06 08:42:09.549 WARNING streamlit.runtime.scriptrunner_utils.script_run_context: Thread 'MainThread': missing ScriptRunContext! This warning can be ignored when running in bare mode.
2026-06-06 08:42:09.550 WARNING streamlit.runtime.scriptrunner_utils.script_run_context: Thread 'MainThread': missing ScriptRunContext! This warning can be ignored when running in bare mode.
2026-06-06 08:42:09.550 WARNING streamlit.runtime.scriptrunner_utils.script_run_context: Thread 'MainThread': missing ScriptRunContext! This warning can be ignored when running in bare mode.
2026-06-06 08:42:09.551 WARNING streamlit.runtime.scriptrunner_utils.script_run_context: Thread 'MainThread': missing ScriptRunContext! This warning can be ignored when running in bare mode.
2026-06-06 08:42:09.552 WARNING streamlit.runtime.scriptrunner_utils.script_run_context: Thread 'MainThread': missing ScriptRunContext! This warning can be ignored when running in bare mode.
2026-06-06 08:42:09.552 WARNING streamlit.runtime.scriptrunner_utils.script_run_context: Thread 'MainThread': missing ScriptRunContext! This warning can be ignored when running in bare mode.
2026-06-06 08:42:09.544 WARNING streamlit.runtime.scriptrunner_utils.script_run_context: Thread 'MainThread': missing ScriptRunContext! This warning can be ignored when running in bare mode.
2026-06-06 08:42:09.554 WARNING streamlit.runtime.state.session_state_proxy: Session state does not function when running a script without `streamlit run`
2026-06-06 08:42:09.554 WARNING streamlit.runtime.state.session_state_proxy: Session state does not function when running a script without `streamlit run`
2026-06-06 08:42:09.544 WARNING streamlit.runtime.scriptrunner_utils.script_run_context: Thread 'MainThread': missing ScriptRunContext! This warning can be ignored when running in bare mode.
2026-06-06 08:42:09.554 WARNING streamlit.runtime.scriptrunner_utils.script_run_context: Thread 'MainThread': missing ScriptRunContext! This warning can be ignored when running in bare mode.
2026-06-06 08:42:09.555 WARNING streamlit.runtime.state.session_state_proxy: Session state does not function when running a script without `streamlit run`
2026-06-06 08:42:09.553 WARNING streamlit.runtime.scriptrunner_utils.script_run_context: Thread 'MainThread': missing ScriptRunContext! This warning can be ignored when running in bare mode.
2026-06-06 08:42:09.555 WARNING streamlit.runtime.scriptrunner_utils.script_run_context: Thread 'MainThread': missing ScriptRunContext! This warning can be ignored when running in bare mode.
2026-06-06 08:42:09.555 WARNING streamlit.runtime.scriptrunner_utils.script_run_context: Thread 'MainThread': missing ScriptRunContext! This warning can be ignored when running in bare mode.
2026-06-06 08:42:09.554 WARNING streamlit.runtime.scriptrunner_utils.script_run_context: Thread 'MainThread': missing ScriptRunContext! This warning can be ignored when running in bare mode.
2026-06-06 08:42:09.555 WARNING streamlit.runtime.scriptrunner_utils.script_run_context: Thread 'MainThread': missing ScriptRunContext! This warning can be ignored when running in bare mode.
2026-06-06 08:42:09.556 WARNING streamlit.runtime.scriptrunner_utils.script_run_context: Thread 'MainThread': missing ScriptRunContext! This warning can be ignored when running in bare mode.
2026-06-06 08:42:09.556 WARNING streamlit.runtime.scriptrunner_utils.script_run_context: Thread 'MainThread': missing ScriptRunContext! This warning can be ignored when running in bare mode.
2026-06-06 08:42:09.556 WARNING streamlit.runtime.scriptrunner_utils.script_run_context: Thread 'MainThread': missing ScriptRunContext! This warning can be ignored when running in bare mode.
2026-06-06 08:42:09.557 WARNING streamlit.runtime.scriptrunner_utils.script_run_context: Thread 'MainThread': missing ScriptRunContext! This warning can be ignored when running in bare mode.
2026-06-06 08:42:09.557 WARNING streamlit.runtime.scriptrunner_utils.script_run_context: Thread 'MainThread': missing ScriptRunContext! This warning can be ignored when running in bare mode.
2026-06-06 08:42:09.557 WARNING streamlit.runtime.scriptrunner_utils.script_run_context: Thread 'MainThread': missing ScriptRunContext! This warning can be ignored when running in bare mode.
2026-06-06 08:42:09.557 WARNING streamlit.runtime.scriptrunner_utils.script_run_context: Thread 'MainThread': missing ScriptRunContext! This warning can be ignored when running in bare mode.
2026-06-06 08:42:09.557 WARNING streamlit.runtime.scriptrunner_utils.script_run_context: Thread 'MainThread': missing ScriptRunContext! This warning can be ignored when running in bare mode.
2026-06-06 08:42:09.557 WARNING streamlit.runtime.scriptrunner_utils.script_run_context: Thread 'MainThread': missing ScriptRunContext! This warning can be ignored when running in bare mode.
2026-06-06 08:42:09.561 WARNING streamlit.runtime.scriptrunner_utils.script_run_context: Thread 'MainThread': missing ScriptRunContext! This warning can be ignored when running in bare mode.
2026-06-06 08:42:09.562 WARNING streamlit.runtime.scriptrunner_utils.script_run_context: Thread 'MainThread': missing ScriptRunContext! This warning can be ignored when running in bare mode.
2026-06-06 08:42:09.559 WARNING streamlit.runtime.scriptrunner_utils.script_run_context: Thread 'MainThread': missing ScriptRunContext! This warning can be ignored when running in bare mode.
2026-06-06 08:42:09.564 WARNING streamlit.runtime.scriptrunner_utils.script_run_context: Thread 'MainThread': missing ScriptRunContext! This warning can be ignored when running in bare mode.
2026-06-06 08:42:09.564 WARNING streamlit.runtime.scriptrunner_utils.script_run_context: Thread 'MainThread': missing ScriptRunContext! This warning can be ignored when running in bare mode.
2026-06-06 08:42:09.559 WARNING streamlit.runtime.scriptrunner_utils.script_run_context: Thread 'MainThread': missing ScriptRunContext! This warning can be ignored when running in bare mode.
2026-06-06 08:42:09.564 WARNING streamlit.runtime.scriptrunner_utils.script_run_context: Thread 'MainThread': missing ScriptRunContext! This warning can be ignored when running in bare mode.
2026-06-06 08:42:09.564 WARNING streamlit.runtime.scriptrunner_utils.script_run_context: Thread 'MainThread': missing ScriptRunContext! This warning can be ignored when running in bare mode.
2026-06-06 08:42:09.564 WARNING streamlit.runtime.scriptrunner_utils.script_run_context: Thread 'MainThread': missing ScriptRunContext! This warning can be ignored when running in bare mode.
2026-06-06 08:42:09.566 WARNING streamlit.runtime.scriptrunner_utils.script_run_context: Thread 'MainThread': missing ScriptRunContext! This warning can be ignored when running in bare mode.
2026-06-06 08:42:09.566 WARNING streamlit.runtime.scriptrunner_utils.script_run_context: Thread 'MainThread': missing ScriptRunContext! This warning can be ignored when running in bare mode.
2026-06-06 08:42:09.566 WARNING streamlit.runtime.scriptrunner_utils.script_run_context: Thread 'MainThread': missing ScriptRunContext! This warning can be ignored when running in bare mode.
2026-06-06 08:42:09.566 WARNING streamlit.runtime.scriptrunner_utils.script_run_context: Thread 'MainThread': missing ScriptRunContext! This warning can be ignored when running in bare mode.
2026-06-06 08:42:09.566 WARNING streamlit.runtime.scriptrunner_utils.script_run_context: Thread 'MainThread': missing ScriptRunContext! This warning can be ignored when running in bare mode.
2026-06-06 08:42:09.566 WARNING streamlit.runtime.scriptrunner_utils.script_run_context: Thread 'MainThread': missing ScriptRunContext! This warning can be ignored when running in bare mode.
2026-06-06 08:42:09.566 WARNING streamlit.runtime.scriptrunner_utils.script_run_context: Thread 'MainThread': missing ScriptRunContext! This warning can be ignored when running in bare mode.
2026-06-06 08:42:09.566 WARNING streamlit.runtime.scriptrunner_utils.script_run_context: Thread 'MainThread': missing ScriptRunContext! This warning can be ignored when running in bare mode.
2026-06-06 08:42:09.568 WARNING streamlit.runtime.scriptrunner_utils.script_run_context: Thread 'MainThread': missing ScriptRunContext! This warning can be ignored when running in bare mode.
2026-06-06 08:42:09.568 WARNING streamlit.runtime.scriptrunner_utils.script_run_context: Thread 'MainThread': missing ScriptRunContext! This warning can be ignored when running in bare mode.
2026-06-06 08:42:09.568 WARNING streamlit.runtime.scriptrunner_utils.script_run_context: Thread 'MainThread': missing ScriptRunContext! This warning can be ignored when running in bare mode.
2026-06-06 08:42:09.568 WARNING streamlit.runtime.scriptrunner_utils.script_run_context: Thread 'MainThread': missing ScriptRunContext! This warning can be ignored when running in bare mode.
2026-06-06 08:42:09.570 WARNING streamlit.runtime.scriptrunner_utils.script_run_context: Thread 'MainThread': missing ScriptRunContext! This warning can be ignored when running in bare mode.
2026-06-06 08:42:09.642 WARNING streamlit.runtime.scriptrunner_utils.script_run_context: Thread 'MainThread': missing ScriptRunContext! This warning can be ignored when running in bare mode.
2026-06-06 08:42:09.647 WARNING streamlit.runtime.state.session_state_proxy: Session state does not function when running a script without `streamlit run`
2026-06-06 08:42:09.648 WARNING streamlit.runtime.scriptrunner_utils.script_run_context: Thread 'MainThread': missing ScriptRunContext! This warning can be ignored when running in bare mode.
2026-06-06 08:42:09.648 WARNING streamlit.runtime.scriptrunner_utils.script_run_context: Thread 'MainThread': missing ScriptRunContext! This warning can be ignored when running in bare mode.
2026-06-06 08:42:09.652 WARNING streamlit.runtime.scriptrunner_utils.script_run_context: Thread 'MainThread': missing ScriptRunContext! This warning can be ignored when running in bare mode.
2026-06-06 08:42:09.655 WARNING streamlit.runtime.scriptrunner_utils.script_run_context: Thread 'MainThread': missing ScriptRunContext! This warning can be ignored when running in bare mode.
2026-06-06 08:42:09.655 WARNING streamlit.runtime.scriptrunner_utils.script_run_context: Thread 'MainThread': missing ScriptRunContext! This warning can be ignored when running in bare mode.
2026-06-06 08:42:09.656 WARNING streamlit.runtime.scriptrunner_utils.script_run_context: Thread 'MainThread': missing ScriptRunContext! This warning can be ignored when running in bare mode.
2026-06-06 08:42:09.656 WARNING streamlit.runtime.scriptrunner_utils.script_run_context: Thread 'MainThread': missing ScriptRunContext! This warning can be ignored when running in bare mode.
2026-06-06 08:42:09.659 WARNING streamlit.runtime.scriptrunner_utils.script_run_context: Thread 'MainThread': missing ScriptRunContext! This warning can be ignored when running in bare mode.
2026-06-06 08:42:09.660 WARNING streamlit.runtime.scriptrunner_utils.script_run_context: Thread 'MainThread': missing ScriptRunContext! This warning can be ignored when running in bare mode.
2026-06-06 08:42:09.662 WARNING streamlit.runtime.scriptrunner_utils.script_run_context: Thread 'MainThread': missing ScriptRunContext! This warning can be ignored when running in bare mode.
2026-06-06 08:42:09.663 WARNING streamlit.runtime.scriptrunner_utils.script_run_context: Thread 'MainThread': missing ScriptRunContext! This warning can be ignored when running in bare mode.
2026-06-06 08:42:09.686 WARNING streamlit.runtime.scriptrunner_utils.script_run_context: Thread 'MainThread': missing ScriptRunContext! This warning can be ignored when running in bare mode.
2026-06-06 08:42:09.687 WARNING streamlit.runtime.state.session_state_proxy: Session state does not function when running a script without `streamlit run`
2026-06-06 08:42:09.688 WARNING streamlit.runtime.scriptrunner_utils.script_run_context: Thread 'MainThread': missing ScriptRunContext! This warning can be ignored when running in bare mode.
2026-06-06 08:42:09.688 WARNING streamlit.runtime.scriptrunner_utils.script_run_context: Thread 'MainThread': missing ScriptRunContext! This warning can be ignored when running in bare mode.
2026-06-06 08:42:09.689 WARNING streamlit.runtime.scriptrunner_utils.script_run_context: Thread 'MainThread': missing ScriptRunContext! This warning can be ignored when running in bare mode.
2026-06-06 08:42:09.689 WARNING streamlit.runtime.scriptrunner_utils.script_run_context: Thread 'MainThread': missing ScriptRunContext! This warning can be ignored when running in bare mode.
2026-06-06 08:42:09.691 WARNING streamlit.runtime.scriptrunner_utils.script_run_context: Thread 'MainThread': missing ScriptRunContext! This warning can be ignored when running in bare mode.
2026-06-06 08:42:09.692 WARNING streamlit.runtime.scriptrunner_utils.script_run_context: Thread 'MainThread': missing ScriptRunContext! This warning can be ignored when running in bare mode.
2026-06-06 08:42:09.692 WARNING streamlit.runtime.scriptrunner_utils.script_run_context: Thread 'MainThread': missing ScriptRunContext! This warning can be ignored when running in bare mode.
2026-06-06 08:42:09.696 WARNING streamlit.runtime.scriptrunner_utils.script_run_context: Thread 'MainThread': missing ScriptRunContext! This warning can be ignored when running in bare mode.
2026-06-06 08:42:09.697 WARNING streamlit.runtime.scriptrunner_utils.script_run_context: Thread 'MainThread': missing ScriptRunContext! This warning can be ignored when running in bare mode.
2026-06-06 08:42:09.698 WARNING streamlit.runtime.scriptrunner_utils.script_run_context: Thread 'MainThread': missing ScriptRunContext! This warning can be ignored when running in bare mode.
2026-06-06 08:42:09.698 WARNING streamlit.runtime.scriptrunner_utils.script_run_context: Thread 'MainThread': missing ScriptRunContext! This warning can be ignored when running in bare mode.
2026-06-06 08:42:09.710 WARNING streamlit.runtime.scriptrunner_utils.script_run_context: Thread 'MainThread': missing ScriptRunContext! This warning can be ignored when running in bare mode.
2026-06-06 08:42:09.711 WARNING streamlit.runtime.state.session_state_proxy: Session state does not function when running a script without `streamlit run`
2026-06-06 08:42:09.711 WARNING streamlit.runtime.scriptrunner_utils.script_run_context: Thread 'MainThread': missing ScriptRunContext! This warning can be ignored when running in bare mode.
2026-06-06 08:42:09.712 WARNING streamlit.runtime.scriptrunner_utils.script_run_context: Thread 'MainThread': missing ScriptRunContext! This warning can be ignored when running in bare mode.
2026-06-06 08:42:09.713 WARNING streamlit.runtime.scriptrunner_utils.script_run_context: Thread 'MainThread': missing ScriptRunContext! This warning can be ignored when running in bare mode.
2026-06-06 08:42:09.713 WARNING streamlit.runtime.scriptrunner_utils.script_run_context: Thread 'MainThread': missing ScriptRunContext! This warning can be ignored when running in bare mode.
2026-06-06 08:42:09.716 WARNING streamlit.runtime.scriptrunner_utils.script_run_context: Thread 'MainThread': missing ScriptRunContext! This warning can be ignored when running in bare mode.
2026-06-06 08:42:09.718 WARNING streamlit.runtime.scriptrunner_utils.script_run_context: Thread 'MainThread': missing ScriptRunContext! This warning can be ignored when running in bare mode.
2026-06-06 08:42:09.720 WARNING streamlit.runtime.scriptrunner_utils.script_run_context: Thread 'MainThread': missing ScriptRunContext! This warning can be ignored when running in bare mode.
2026-06-06 08:42:09.721 WARNING streamlit.runtime.scriptrunner_utils.script_run_context: Thread 'MainThread': missing ScriptRunContext! This warning can be ignored when running in bare mode.
2026-06-06 08:42:09.721 WARNING streamlit.runtime.scriptrunner_utils.script_run_context: Thread 'MainThread': missing ScriptRunContext! This warning can be ignored when running in bare mode.
2026-06-06 08:42:09.722 WARNING streamlit.runtime.scriptrunner_utils.script_run_context: Thread 'MainThread': missing ScriptRunContext! This warning can be ignored when running in bare mode.
2026-06-06 08:42:09.725 WARNING streamlit.runtime.scriptrunner_utils.script_run_context: Thread 'MainThread': missing ScriptRunContext! This warning can be ignored when running in bare mode.
2026-06-06 08:42:09.747 WARNING streamlit.runtime.scriptrunner_utils.script_run_context: Thread 'MainThread': missing ScriptRunContext! This warning can be ignored when running in bare mode.
2026-06-06 08:42:09.750 WARNING streamlit.runtime.state.session_state_proxy: Session state does not function when running a script without `streamlit run`
2026-06-06 08:42:09.753 WARNING streamlit.runtime.scriptrunner_utils.script_run_context: Thread 'MainThread': missing ScriptRunContext! This warning can be ignored when running in bare mode.
2026-06-06 08:42:09.753 WARNING streamlit.runtime.scriptrunner_utils.script_run_context: Thread 'MainThread': missing ScriptRunContext! This warning can be ignored when running in bare mode.
2026-06-06 08:42:09.753 WARNING streamlit.runtime.scriptrunner_utils.script_run_context: Thread 'MainThread': missing ScriptRunContext! This warning can be ignored when running in bare mode.
2026-06-06 08:42:09.754 WARNING streamlit.runtime.scriptrunner_utils.script_run_context: Thread 'MainThread': missing ScriptRunContext! This warning can be ignored when running in bare mode.
2026-06-06 08:42:09.754 WARNING streamlit.runtime.scriptrunner_utils.script_run_context: Thread 'MainThread': missing ScriptRunContext! This warning can be ignored when running in bare mode.
2026-06-06 08:42:09.756 WARNING streamlit.runtime.scriptrunner_utils.script_run_context: Thread 'MainThread': missing ScriptRunContext! This warning can be ignored when running in bare mode.
2026-06-06 08:42:09.757 WARNING streamlit.runtime.scriptrunner_utils.script_run_context: Thread 'MainThread': missing ScriptRunContext! This warning can be ignored when running in bare mode.
2026-06-06 08:42:09.759 WARNING streamlit.runtime.scriptrunner_utils.script_run_context: Thread 'MainThread': missing ScriptRunContext! This warning can be ignored when running in bare mode.
2026-06-06 08:42:09.759 WARNING streamlit.runtime.scriptrunner_utils.script_run_context: Thread 'MainThread': missing ScriptRunContext! This warning can be ignored when running in bare mode.
2026-06-06 08:42:09.762 WARNING streamlit.runtime.scriptrunner_utils.script_run_context: Thread 'MainThread': missing ScriptRunContext! This warning can be ignored when running in bare mode.
2026-06-06 08:42:09.763 WARNING streamlit.runtime.scriptrunner_utils.script_run_context: Thread 'MainThread': missing ScriptRunContext! This warning can be ignored when running in bare mode.
2026-06-06 08:42:09.752 WARNING streamlit.runtime.scriptrunner_utils.script_run_context: Thread 'MainThread': missing ScriptRunContext! This warning can be ignored when running in bare mode.
2026-06-06 08:42:09.764 WARNING streamlit.runtime.state.session_state_proxy: Session state does not function when running a script without `streamlit run`
2026-06-06 08:42:09.766 WARNING streamlit.runtime.scriptrunner_utils.script_run_context: Thread 'MainThread': missing ScriptRunContext! This warning can be ignored when running in bare mode.
2026-06-06 08:42:09.766 WARNING streamlit.runtime.scriptrunner_utils.script_run_context: Thread 'MainThread': missing ScriptRunContext! This warning can be ignored when running in bare mode.
2026-06-06 08:42:09.770 WARNING streamlit.runtime.scriptrunner_utils.script_run_context: Thread 'MainThread': missing ScriptRunContext! This warning can be ignored when running in bare mode.
2026-06-06 08:42:09.771 WARNING streamlit.runtime.scriptrunner_utils.script_run_context: Thread 'MainThread': missing ScriptRunContext! This warning can be ignored when running in bare mode.
2026-06-06 08:42:09.771 WARNING streamlit.runtime.scriptrunner_utils.script_run_context: Thread 'MainThread': missing ScriptRunContext! This warning can be ignored when running in bare mode.
2026-06-06 08:42:09.771 WARNING streamlit.runtime.scriptrunner_utils.script_run_context: Thread 'MainThread': missing ScriptRunContext! This warning can be ignored when running in bare mode.
2026-06-06 08:42:09.774 WARNING streamlit.runtime.scriptrunner_utils.script_run_context: Thread 'MainThread': missing ScriptRunContext! This warning can be ignored when running in bare mode.
2026-06-06 08:42:09.774 WARNING streamlit.runtime.scriptrunner_utils.script_run_context: Thread 'MainThread': missing ScriptRunContext! This warning can be ignored when running in bare mode.
2026-06-06 08:42:09.776 WARNING streamlit.runtime.scriptrunner_utils.script_run_context: Thread 'MainThread': missing ScriptRunContext! This warning can be ignored when running in bare mode.
2026-06-06 08:42:09.778 WARNING streamlit.runtime.scriptrunner_utils.script_run_context: Thread 'MainThread': missing ScriptRunContext! This warning can be ignored when running in bare mode.
2026-06-06 08:42:09.778 WARNING streamlit.runtime.scriptrunner_utils.script_run_context: Thread 'MainThread': missing ScriptRunContext! This warning can be ignored when running in bare mode.
2026-06-06 08:42:09.791 WARNING streamlit.runtime.scriptrunner_utils.script_run_context: Thread 'MainThread': missing ScriptRunContext! This warning can be ignored when running in bare mode.
2026-06-06 08:42:09.794 WARNING streamlit.runtime.state.session_state_proxy: Session state does not function when running a script without `streamlit run`
2026-06-06 08:42:09.795 WARNING streamlit.runtime.scriptrunner_utils.script_run_context: Thread 'MainThread': missing ScriptRunContext! This warning can be ignored when running in bare mode.
2026-06-06 08:42:09.795 WARNING streamlit.runtime.scriptrunner_utils.script_run_context: Thread 'MainThread': missing ScriptRunContext! This warning can be ignored when running in bare mode.
2026-06-06 08:42:09.796 WARNING streamlit.runtime.scriptrunner_utils.script_run_context: Thread 'MainThread': missing ScriptRunContext! This warning can be ignored when running in bare mode.
2026-06-06 08:42:09.796 WARNING streamlit.runtime.scriptrunner_utils.script_run_context: Thread 'MainThread': missing ScriptRunContext! This warning can be ignored when running in bare mode.
2026-06-06 08:42:09.796 WARNING streamlit.runtime.scriptrunner_utils.script_run_context: Thread 'MainThread': missing ScriptRunContext! This warning can be ignored when running in bare mode.
2026-06-06 08:42:09.797 WARNING streamlit.runtime.scriptrunner_utils.script_run_context: Thread 'MainThread': missing ScriptRunContext! This warning can be ignored when running in bare mode.
2026-06-06 08:42:09.797 WARNING streamlit.runtime.scriptrunner_utils.script_run_context: Thread 'MainThread': missing ScriptRunContext! This warning can be ignored when running in bare mode.
2026-06-06 08:42:09.797 WARNING streamlit.runtime.scriptrunner_utils.script_run_context: Thread 'MainThread': missing ScriptRunContext! This warning can be ignored when running in bare mode.
2026-06-06 08:42:09.798 WARNING streamlit.runtime.scriptrunner_utils.script_run_context: Thread 'MainThread': missing ScriptRunContext! This warning can be ignored when running in bare mode.
2026-06-06 08:42:09.798 WARNING streamlit.runtime.scriptrunner_utils.script_run_context: Thread 'MainThread': missing ScriptRunContext! This warning can be ignored when running in bare mode.
2026-06-06 08:42:09.798 WARNING streamlit.runtime.scriptrunner_utils.script_run_context: Thread 'MainThread': missing ScriptRunContext! This warning can be ignored when running in bare mode.
2026-06-06 08:42:09.798 WARNING streamlit.runtime.scriptrunner_utils.script_run_context: Thread 'MainThread': missing ScriptRunContext! This warning can be ignored when running in bare mode.
2026-06-06 08:42:09.800 WARNING streamlit.runtime.state.session_state_proxy: Session state does not function when running a script without `streamlit run`
2026-06-06 08:42:09.801 WARNING streamlit.runtime.scriptrunner_utils.script_run_context: Thread 'MainThread': missing ScriptRunContext! This warning can be ignored when running in bare mode.
2026-06-06 08:42:09.801 WARNING streamlit.runtime.scriptrunner_utils.script_run_context: Thread 'MainThread': missing ScriptRunContext! This warning can be ignored when running in bare mode.
2026-06-06 08:42:09.801 WARNING streamlit.runtime.scriptrunner_utils.script_run_context: Thread 'MainThread': missing ScriptRunContext! This warning can be ignored when running in bare mode.
2026-06-06 08:42:09.801 WARNING streamlit.runtime.scriptrunner_utils.script_run_context: Thread 'MainThread': missing ScriptRunContext! This warning can be ignored when running in bare mode.
2026-06-06 08:42:09.803 WARNING streamlit.runtime.scriptrunner_utils.script_run_context: Thread 'MainThread': missing ScriptRunContext! This warning can be ignored when running in bare mode.
2026-06-06 08:42:09.803 WARNING streamlit.runtime.scriptrunner_utils.script_run_context: Thread 'MainThread': missing ScriptRunContext! This warning can be ignored when running in bare mode.
2026-06-06 08:42:09.803 WARNING streamlit.runtime.scriptrunner_utils.script_run_context: Thread 'MainThread': missing ScriptRunContext! This warning can be ignored when running in bare mode.
2026-06-06 08:42:09.803 WARNING streamlit.runtime.scriptrunner_utils.script_run_context: Thread 'MainThread': missing ScriptRunContext! This warning can be ignored when running in bare mode.
2026-06-06 08:42:09.804 WARNING streamlit.runtime.scriptrunner_utils.script_run_context: Thread 'MainThread': missing ScriptRunContext! This warning can be ignored when running in bare mode.
2026-06-06 08:42:09.804 WARNING streamlit.runtime.scriptrunner_utils.script_run_context: Thread 'MainThread': missing ScriptRunContext! This warning can be ignored when running in bare mode.
2026-06-06 08:42:09.805 WARNING streamlit.runtime.scriptrunner_utils.script_run_context: Thread 'MainThread': missing ScriptRunContext! This warning can be ignored when running in bare mode.
2026-06-06 08:42:09.839 WARNING streamlit.runtime.scriptrunner_utils.script_run_context: Thread 'MainThread': missing ScriptRunContext! This warning can be ignored when running in bare mode.
2026-06-06 08:42:09.840 WARNING streamlit.runtime.state.session_state_proxy: Session state does not function when running a script without `streamlit run`
2026-06-06 08:42:09.841 WARNING streamlit.runtime.scriptrunner_utils.script_run_context: Thread 'MainThread': missing ScriptRunContext! This warning can be ignored when running in bare mode.
2026-06-06 08:42:09.842 WARNING streamlit.runtime.scriptrunner_utils.script_run_context: Thread 'MainThread': missing ScriptRunContext! This warning can be ignored when running in bare mode.
2026-06-06 08:42:09.842 WARNING streamlit.runtime.scriptrunner_utils.script_run_context: Thread 'MainThread': missing ScriptRunContext! This warning can be ignored when running in bare mode.
2026-06-06 08:42:09.842 WARNING streamlit.runtime.scriptrunner_utils.script_run_context: Thread 'MainThread': missing ScriptRunContext! This warning can be ignored when running in bare mode.
2026-06-06 08:42:09.842 WARNING streamlit.runtime.scriptrunner_utils.script_run_context: Thread 'MainThread': missing ScriptRunContext! This warning can be ignored when running in bare mode.
2026-06-06 08:42:09.844 WARNING streamlit.runtime.scriptrunner_utils.script_run_context: Thread 'MainThread': missing ScriptRunContext! This warning can be ignored when running in bare mode.
2026-06-06 08:42:09.844 WARNING streamlit.runtime.scriptrunner_utils.script_run_context: Thread 'MainThread': missing ScriptRunContext! This warning can be ignored when running in bare mode.
2026-06-06 08:42:09.844 WARNING streamlit.runtime.scriptrunner_utils.script_run_context: Thread 'MainThread': missing ScriptRunContext! This warning can be ignored when running in bare mode.
2026-06-06 08:42:09.845 WARNING streamlit.runtime.scriptrunner_utils.script_run_context: Thread 'MainThread': missing ScriptRunContext! This warning can be ignored when running in bare mode.
2026-06-06 08:42:09.845 WARNING streamlit.runtime.scriptrunner_utils.script_run_context: Thread 'MainThread': missing ScriptRunContext! This warning can be ignored when running in bare mode.
2026-06-06 08:42:09.846 WARNING streamlit.runtime.scriptrunner_utils.script_run_context: Thread 'MainThread': missing ScriptRunContext! This warning can be ignored when running in bare mode.
2026-06-06 08:42:09.849 WARNING streamlit.runtime.scriptrunner_utils.script_run_context: Thread 'MainThread': missing ScriptRunContext! This warning can be ignored when running in bare mode.
2026-06-06 08:42:09.850 WARNING streamlit.runtime.state.session_state_proxy: Session state does not function when running a script without `streamlit run`
2026-06-06 08:42:09.851 WARNING streamlit.runtime.scriptrunner_utils.script_run_context: Thread 'MainThread': missing ScriptRunContext! This warning can be ignored when running in bare mode.
2026-06-06 08:42:09.852 WARNING streamlit.runtime.scriptrunner_utils.script_run_context: Thread 'MainThread': missing ScriptRunContext! This warning can be ignored when running in bare mode.
2026-06-06 08:42:09.852 WARNING streamlit.runtime.scriptrunner_utils.script_run_context: Thread 'MainThread': missing ScriptRunContext! This warning can be ignored when running in bare mode.
2026-06-06 08:42:09.852 WARNING streamlit.runtime.scriptrunner_utils.script_run_context: Thread 'MainThread': missing ScriptRunContext! This warning can be ignored when running in bare mode.
2026-06-06 08:42:09.852 WARNING streamlit.runtime.scriptrunner_utils.script_run_context: Thread 'MainThread': missing ScriptRunContext! This warning can be ignored when running in bare mode.
2026-06-06 08:42:09.853 WARNING streamlit.runtime.scriptrunner_utils.script_run_context: Thread 'MainThread': missing ScriptRunContext! This warning can be ignored when running in bare mode.
2026-06-06 08:42:09.853 WARNING streamlit.runtime.scriptrunner_utils.script_run_context: Thread 'MainThread': missing ScriptRunContext! This warning can be ignored when running in bare mode.
2026-06-06 08:42:09.853 WARNING streamlit.runtime.scriptrunner_utils.script_run_context: Thread 'MainThread': missing ScriptRunContext! This warning can be ignored when running in bare mode.
2026-06-06 08:42:09.853 WARNING streamlit.runtime.scriptrunner_utils.script_run_context: Thread 'MainThread': missing ScriptRunContext! This warning can be ignored when running in bare mode.
2026-06-06 08:42:09.854 WARNING streamlit.runtime.scriptrunner_utils.script_run_context: Thread 'MainThread': missing ScriptRunContext! This warning can be ignored when running in bare mode.
2026-06-06 08:42:09.853 WARNING streamlit.runtime.scriptrunner_utils.script_run_context: Thread 'MainThread': missing ScriptRunContext! This warning can be ignored when running in bare mode.
2026-06-06 08:42:09.854 WARNING streamlit.runtime.scriptrunner_utils.script_run_context: Thread 'MainThread': missing ScriptRunContext! This warning can be ignored when running in bare mode.
2026-06-06 08:42:09.854 WARNING streamlit.runtime.state.session_state_proxy: Session state does not function when running a script without `streamlit run`
2026-06-06 08:42:09.855 WARNING streamlit.runtime.scriptrunner_utils.script_run_context: Thread 'MainThread': missing ScriptRunContext! This warning can be ignored when running in bare mode.
2026-06-06 08:42:09.855 WARNING streamlit.runtime.scriptrunner_utils.script_run_context: Thread 'MainThread': missing ScriptRunContext! This warning can be ignored when running in bare mode.
2026-06-06 08:42:09.855 WARNING streamlit.runtime.scriptrunner_utils.script_run_context: Thread 'MainThread': missing ScriptRunContext! This warning can be ignored when running in bare mode.
2026-06-06 08:42:09.857 WARNING streamlit.runtime.scriptrunner_utils.script_run_context: Thread 'MainThread': missing ScriptRunContext! This warning can be ignored when running in bare mode.
2026-06-06 08:42:09.857 WARNING streamlit.runtime.scriptrunner_utils.script_run_context: Thread 'MainThread': missing ScriptRunContext! This warning can be ignored when running in bare mode.
2026-06-06 08:42:09.858 WARNING streamlit.runtime.scriptrunner_utils.script_run_context: Thread 'MainThread': missing ScriptRunContext! This warning can be ignored when running in bare mode.
2026-06-06 08:42:09.858 WARNING streamlit.runtime.scriptrunner_utils.script_run_context: Thread 'MainThread': missing ScriptRunContext! This warning can be ignored when running in bare mode.
2026-06-06 08:42:09.858 WARNING streamlit.runtime.scriptrunner_utils.script_run_context: Thread 'MainThread': missing ScriptRunContext! This warning can be ignored when running in bare mode.
2026-06-06 08:42:09.859 WARNING streamlit.runtime.scriptrunner_utils.script_run_context: Thread 'MainThread': missing ScriptRunContext! This warning can be ignored when running in bare mode.
2026-06-06 08:42:09.859 WARNING streamlit.runtime.scriptrunner_utils.script_run_context: Thread 'MainThread': missing ScriptRunContext! This warning can be ignored when running in bare mode.
2026-06-06 08:42:09.860 WARNING streamlit.runtime.scriptrunner_utils.script_run_context: Thread 'MainThread': missing ScriptRunContext! This warning can be ignored when running in bare mode.
2026-06-06 08:42:09.892 WARNING streamlit.runtime.scriptrunner_utils.script_run_context: Thread 'MainThread': missing ScriptRunContext! This warning can be ignored when running in bare mode.
2026-06-06 08:42:09.892 WARNING streamlit.runtime.state.session_state_proxy: Session state does not function when running a script without `streamlit run`
2026-06-06 08:42:09.894 WARNING streamlit.runtime.scriptrunner_utils.script_run_context: Thread 'MainThread': missing ScriptRunContext! This warning can be ignored when running in bare mode.
2026-06-06 08:42:09.894 WARNING streamlit.runtime.scriptrunner_utils.script_run_context: Thread 'MainThread': missing ScriptRunContext! This warning can be ignored when running in bare mode.
2026-06-06 08:42:09.894 WARNING streamlit.runtime.scriptrunner_utils.script_run_context: Thread 'MainThread': missing ScriptRunContext! This warning can be ignored when running in bare mode.
2026-06-06 08:42:09.894 WARNING streamlit.runtime.scriptrunner_utils.script_run_context: Thread 'MainThread': missing ScriptRunContext! This warning can be ignored when running in bare mode.
2026-06-06 08:42:09.895 WARNING streamlit.runtime.scriptrunner_utils.script_run_context: Thread 'MainThread': missing ScriptRunContext! This warning can be ignored when running in bare mode.
2026-06-06 08:42:09.895 WARNING streamlit.runtime.state.session_state_proxy: Session state does not function when running a script without `streamlit run`
2026-06-06 08:42:09.895 WARNING streamlit.runtime.scriptrunner_utils.script_run_context: Thread 'MainThread': missing ScriptRunContext! This warning can be ignored when running in bare mode.
2026-06-06 08:42:09.895 WARNING streamlit.runtime.scriptrunner_utils.script_run_context: Thread 'MainThread': missing ScriptRunContext! This warning can be ignored when running in bare mode.
2026-06-06 08:42:09.896 WARNING streamlit.runtime.scriptrunner_utils.script_run_context: Thread 'MainThread': missing ScriptRunContext! This warning can be ignored when running in bare mode.
2026-06-06 08:42:09.896 WARNING streamlit.runtime.scriptrunner_utils.script_run_context: Thread 'MainThread': missing ScriptRunContext! This warning can be ignored when running in bare mode.
2026-06-06 08:42:09.896 WARNING streamlit.runtime.scriptrunner_utils.script_run_context: Thread 'MainThread': missing ScriptRunContext! This warning can be ignored when running in bare mode.
2026-06-06 08:42:09.896 WARNING streamlit.runtime.scriptrunner_utils.script_run_context: Thread 'MainThread': missing ScriptRunContext! This warning can be ignored when running in bare mode.
2026-06-06 08:42:09.897 WARNING streamlit.runtime.scriptrunner_utils.script_run_context: Thread 'MainThread': missing ScriptRunContext! This warning can be ignored when running in bare mode.
2026-06-06 08:42:09.897 WARNING streamlit.runtime.scriptrunner_utils.script_run_context: Thread 'MainThread': missing ScriptRunContext! This warning can be ignored when running in bare mode.
2026-06-06 08:42:09.897 WARNING streamlit.runtime.scriptrunner_utils.script_run_context: Thread 'MainThread': missing ScriptRunContext! This warning can be ignored when running in bare mode.
2026-06-06 08:42:09.897 WARNING streamlit.runtime.scriptrunner_utils.script_run_context: Thread 'MainThread': missing ScriptRunContext! This warning can be ignored when running in bare mode.
2026-06-06 08:42:09.898 WARNING streamlit.runtime.scriptrunner_utils.script_run_context: Thread 'MainThread': missing ScriptRunContext! This warning can be ignored when running in bare mode.
2026-06-06 08:42:09.898 WARNING streamlit.runtime.scriptrunner_utils.script_run_context: Thread 'MainThread': missing ScriptRunContext! This warning can be ignored when running in bare mode.
2026-06-06 08:42:09.898 WARNING streamlit.runtime.scriptrunner_utils.script_run_context: Thread 'MainThread': missing ScriptRunContext! This warning can be ignored when running in bare mode.
2026-06-06 08:42:09.898 WARNING streamlit.runtime.scriptrunner_utils.script_run_context: Thread 'MainThread': missing ScriptRunContext! This warning can be ignored when running in bare mode.
2026-06-06 08:42:09.899 WARNING streamlit.runtime.scriptrunner_utils.script_run_context: Thread 'MainThread': missing ScriptRunContext! This warning can be ignored when running in bare mode.
2026-06-06 08:42:09.899 WARNING streamlit.runtime.scriptrunner_utils.script_run_context: Thread 'MainThread': missing ScriptRunContext! This warning can be ignored when running in bare mode.
2026-06-06 08:42:09.900 WARNING streamlit.runtime.scriptrunner_utils.script_run_context: Thread 'MainThread': missing ScriptRunContext! This warning can be ignored when running in bare mode.
2026-06-06 08:42:09.900 WARNING streamlit.runtime.scriptrunner_utils.script_run_context: Thread 'MainThread': missing ScriptRunContext! This warning can be ignored when running in bare mode.
2026-06-06 08:42:12.672 WARNING streamlit: 
  [33m[1mWarning:[0m to view a Streamlit app on a browser, use Streamlit in a file and
  run it with the following command:

    streamlit run [FILE_NAME] [ARGUMENTS]
2026-06-06 08:42:12.672 WARNING streamlit: 
  [33m[1mWarning:[0m to view a Streamlit app on a browser, use Streamlit in a file and
  run it with the following command:

    streamlit run [FILE_NAME] [ARGUMENTS]
2026-06-06 08:42:12.672 WARNING streamlit.runtime.scriptrunner_utils.script_run_context: Thread 'MainThread': missing ScriptRunContext! This warning can be ignored when running in bare mode.
2026-06-06 08:42:12.672 WARNING streamlit.runtime.scriptrunner_utils.script_run_context: Thread 'MainThread': missing ScriptRunContext! This warning can be ignored when running in bare mode.
2026-06-06 08:42:12.674 WARNING streamlit.runtime.scriptrunner_utils.script_run_context: Thread 'MainThread': missing ScriptRunContext! This warning can be ignored when running in bare mode.
2026-06-06 08:42:12.674 WARNING streamlit.runtime.scriptrunner_utils.script_run_context: Thread 'MainThread': missing ScriptRunContext! This warning can be ignored when running in bare mode.
2026-06-06 08:42:12.674 WARNING streamlit.runtime.scriptrunner_utils.script_run_context: Thread 'MainThread': missing ScriptRunContext! This warning can be ignored when running in bare mode.
2026-06-06 08:42:12.674 WARNING streamlit.runtime.scriptrunner_utils.script_run_context: Thread 'MainThread': missing ScriptRunContext! This warning can be ignored when running in bare mode.
2026-06-06 08:42:12.674 WARNING streamlit.runtime.scriptrunner_utils.script_run_context: Thread 'MainThread': missing ScriptRunContext! This warning can be ignored when running in bare mode.
2026-06-06 08:42:12.674 WARNING streamlit.runtime.scriptrunner_utils.script_run_context: Thread 'MainThread': missing ScriptRunContext! This warning can be ignored when running in bare mode.
2026-06-06 08:42:12.675 WARNING streamlit.runtime.scriptrunner_utils.script_run_context: Thread 'MainThread': missing ScriptRunContext! This warning can be ignored when running in bare mode.
2026-06-06 08:42:12.675 WARNING streamlit.runtime.scriptrunner_utils.script_run_context: Thread 'MainThread': missing ScriptRunContext! This warning can be ignored when running in bare mode.
2026-06-06 08:42:12.675 WARNING streamlit.runtime.scriptrunner_utils.script_run_context: Thread 'MainThread': missing ScriptRunContext! This warning can be ignored when running in bare mode.
2026-06-06 08:42:12.675 WARNING streamlit.runtime.scriptrunner_utils.script_run_context: Thread 'MainThread': missing ScriptRunContext! This warning can be ignored when running in bare mode.
2026-06-06 08:42:12.676 WARNING streamlit.runtime.scriptrunner_utils.script_run_context: Thread 'MainThread': missing ScriptRunContext! This warning can be ignored when running in bare mode.
2026-06-06 08:42:12.676 WARNING streamlit.runtime.scriptrunner_utils.script_run_context: Thread 'MainThread': missing ScriptRunContext! This warning can be ignored when running in bare mode.
2026-06-06 08:42:12.676 WARNING streamlit.runtime.scriptrunner_utils.script_run_context: Thread 'MainThread': missing ScriptRunContext! This warning can be ignored when running in bare mode.
2026-06-06 08:42:12.676 WARNING streamlit.runtime.scriptrunner_utils.script_run_context: Thread 'MainThread': missing ScriptRunContext! This warning can be ignored when running in bare mode.
2026-06-06 08:42:12.677 WARNING streamlit.runtime.scriptrunner_utils.script_run_context: Thread 'MainThread': missing ScriptRunContext! This warning can be ignored when running in bare mode.
2026-06-06 08:42:12.677 WARNING streamlit.runtime.scriptrunner_utils.script_run_context: Thread 'MainThread': missing ScriptRunContext! This warning can be ignored when running in bare mode.
2026-06-06 08:42:12.677 WARNING streamlit.runtime.scriptrunner_utils.script_run_context: Thread 'MainThread': missing ScriptRunContext! This warning can be ignored when running in bare mode.
2026-06-06 08:42:12.678 WARNING streamlit.runtime.scriptrunner_utils.script_run_context: Thread 'MainThread': missing ScriptRunContext! This warning can be ignored when running in bare mode.
2026-06-06 08:42:12.678 WARNING streamlit.runtime.scriptrunner_utils.script_run_context: Thread 'MainThread': missing ScriptRunContext! This warning can be ignored when running in bare mode.
2026-06-06 08:42:12.678 WARNING streamlit.runtime.scriptrunner_utils.script_run_context: Thread 'MainThread': missing ScriptRunContext! This warning can be ignored when running in bare mode.
2026-06-06 08:42:12.678 WARNING streamlit.runtime.scriptrunner_utils.script_run_context: Thread 'MainThread': missing ScriptRunContext! This warning can be ignored when running in bare mode.
2026-06-06 08:42:12.678 WARNING streamlit.runtime.scriptrunner_utils.script_run_context: Thread 'MainThread': missing ScriptRunContext! This warning can be ignored when running in bare mode.
2026-06-06 08:42:12.679 WARNING streamlit.runtime.scriptrunner_utils.script_run_context: Thread 'MainThread': missing ScriptRunContext! This warning can be ignored when running in bare mode.
2026-06-06 08:42:12.679 WARNING streamlit.runtime.scriptrunner_utils.script_run_context: Thread 'MainThread': missing ScriptRunContext! This warning can be ignored when running in bare mode.
2026-06-06 08:42:12.680 WARNING streamlit.runtime.scriptrunner_utils.script_run_context: Thread 'MainThread': missing ScriptRunContext! This warning can be ignored when running in bare mode.
2026-06-06 08:42:12.680 WARNING streamlit.runtime.scriptrunner_utils.script_run_context: Thread 'MainThread': missing ScriptRunContext! This warning can be ignored when running in bare mode.
2026-06-06 08:42:12.680 WARNING streamlit.runtime.scriptrunner_utils.script_run_context: Thread 'MainThread': missing ScriptRunContext! This warning can be ignored when running in bare mode.
2026-06-06 08:42:12.680 WARNING streamlit.runtime.scriptrunner_utils.script_run_context: Thread 'MainThread': missing ScriptRunContext! This warning can be ignored when running in bare mode.
2026-06-06 08:42:12.680 WARNING streamlit.runtime.scriptrunner_utils.script_run_context: Thread 'MainThread': missing ScriptRunContext! This warning can be ignored when running in bare mode.
2026-06-06 08:42:12.681 WARNING streamlit.runtime.scriptrunner_utils.script_run_context: Thread 'MainThread': missing ScriptRunContext! This warning can be ignored when running in bare mode.
2026-06-06 08:42:12.681 WARNING streamlit.runtime.scriptrunner_utils.script_run_context: Thread 'MainThread': missing ScriptRunContext! This warning can be ignored when running in bare mode.
2026-06-06 08:42:12.681 WARNING streamlit.runtime.scriptrunner_utils.script_run_context: Thread 'MainThread': missing ScriptRunContext! This warning can be ignored when running in bare mode.
2026-06-06 08:42:12.682 WARNING streamlit.runtime.scriptrunner_utils.script_run_context: Thread 'MainThread': missing ScriptRunContext! This warning can be ignored when running in bare mode.
2026-06-06 08:42:12.682 WARNING streamlit.runtime.scriptrunner_utils.script_run_context: Thread 'MainThread': missing ScriptRunContext! This warning can be ignored when running in bare mode.
2026-06-06 08:42:12.682 WARNING streamlit.runtime.scriptrunner_utils.script_run_context: Thread 'MainThread': missing ScriptRunContext! This warning can be ignored when running in bare mode.
2026-06-06 08:42:12.682 WARNING streamlit.runtime.scriptrunner_utils.script_run_context: Thread 'MainThread': missing ScriptRunContext! This warning can be ignored when running in bare mode.
2026-06-06 08:42:12.683 WARNING streamlit.runtime.scriptrunner_utils.script_run_context: Thread 'MainThread': missing ScriptRunContext! This warning can be ignored when running in bare mode.
2026-06-06 08:42:12.683 WARNING streamlit.runtime.scriptrunner_utils.script_run_context: Thread 'MainThread': missing ScriptRunContext! This warning can be ignored when running in bare mode.
2026-06-06 08:42:12.683 WARNING streamlit.runtime.scriptrunner_utils.script_run_context: Thread 'MainThread': missing ScriptRunContext! This warning can be ignored when running in bare mode.
2026-06-06 08:42:12.684 WARNING streamlit.runtime.scriptrunner_utils.script_run_context: Thread 'MainThread': missing ScriptRunContext! This warning can be ignored when running in bare mode.
2026-06-06 08:42:12.684 WARNING streamlit: 
  [33m[1mWarning:[0m to view a Streamlit app on a browser, use Streamlit in a file and
  run it with the following command:

    streamlit run [FILE_NAME] [ARGUMENTS]
2026-06-06 08:42:12.684 WARNING streamlit.runtime.scriptrunner_utils.script_run_context: Thread 'MainThread': missing ScriptRunContext! This warning can be ignored when running in bare mode.
2026-06-06 08:42:12.684 WARNING streamlit.runtime.scriptrunner_utils.script_run_context: Thread 'MainThread': missing ScriptRunContext! This warning can be ignored when running in bare mode.
2026-06-06 08:42:12.685 WARNING streamlit.runtime.scriptrunner_utils.script_run_context: Thread 'MainThread': missing ScriptRunContext! This warning can be ignored when running in bare mode.
2026-06-06 08:42:12.685 WARNING streamlit: 
  [33m[1mWarning:[0m to view a Streamlit app on a browser, use Streamlit in a file and
  run it with the following command:

    streamlit run [FILE_NAME] [ARGUMENTS]
2026-06-06 08:42:12.685 WARNING streamlit.runtime.scriptrunner_utils.script_run_context: Thread 'MainThread': missing ScriptRunContext! This warning can be ignored when running in bare mode.
2026-06-06 08:42:12.686 WARNING streamlit.runtime.scriptrunner_utils.script_run_context: Thread 'MainThread': missing ScriptRunContext! This warning can be ignored when running in bare mode.
2026-06-06 08:42:12.686 WARNING streamlit.runtime.scriptrunner_utils.script_run_context: Thread 'MainThread': missing ScriptRunContext! This warning can be ignored when running in bare mode.
2026-06-06 08:42:12.686 WARNING streamlit.runtime.scriptrunner_utils.script_run_context: Thread 'MainThread': missing ScriptRunContext! This warning can be ignored when running in bare mode.
2026-06-06 08:42:12.687 WARNING streamlit.runtime.scriptrunner_utils.script_run_context: Thread 'MainThread': missing ScriptRunContext! This warning can be ignored when running in bare mode.
2026-06-06 08:42:12.687 WARNING streamlit.runtime.scriptrunner_utils.script_run_context: Thread 'MainThread': missing ScriptRunContext! This warning can be ignored when running in bare mode.
2026-06-06 08:42:12.687 WARNING streamlit.runtime.scriptrunner_utils.script_run_context: Thread 'MainThread': missing ScriptRunContext! This warning can be ignored when running in bare mode.
2026-06-06 08:42:12.688 WARNING streamlit.runtime.scriptrunner_utils.script_run_context: Thread 'MainThread': missing ScriptRunContext! This warning can be ignored when running in bare mode.
2026-06-06 08:42:12.688 WARNING streamlit.runtime.scriptrunner_utils.script_run_context: Thread 'MainThread': missing ScriptRunContext! This warning can be ignored when running in bare mode.
2026-06-06 08:42:12.688 WARNING streamlit.runtime.scriptrunner_utils.script_run_context: Thread 'MainThread': missing ScriptRunContext! This warning can be ignored when running in bare mode.
2026-06-06 08:42:12.688 WARNING streamlit.runtime.scriptrunner_utils.script_run_context: Thread 'MainThread': missing ScriptRunContext! This warning can be ignored when running in bare mode.
2026-06-06 08:42:12.688 WARNING streamlit.runtime.scriptrunner_utils.script_run_context: Thread 'MainThread': missing ScriptRunContext! This warning can be ignored when running in bare mode.
2026-06-06 08:42:12.688 WARNING streamlit.runtime.scriptrunner_utils.script_run_context: Thread 'MainThread': missing ScriptRunContext! This warning can be ignored when running in bare mode.
2026-06-06 08:42:12.690 WARNING streamlit.runtime.scriptrunner_utils.script_run_context: Thread 'MainThread': missing ScriptRunContext! This warning can be ignored when running in bare mode.
2026-06-06 08:42:12.690 WARNING streamlit.runtime.scriptrunner_utils.script_run_context: Thread 'MainThread': missing ScriptRunContext! This warning can be ignored when running in bare mode.
2026-06-06 08:42:12.690 WARNING streamlit.runtime.scriptrunner_utils.script_run_context: Thread 'MainThread': missing ScriptRunContext! This warning can be ignored when running in bare mode.
2026-06-06 08:42:12.690 WARNING streamlit.runtime.scriptrunner_utils.script_run_context: Thread 'MainThread': missing ScriptRunContext! This warning can be ignored when running in bare mode.
2026-06-06 08:42:12.690 WARNING streamlit.runtime.scriptrunner_utils.script_run_context: Thread 'MainThread': missing ScriptRunContext! This warning can be ignored when running in bare mode.
2026-06-06 08:42:12.690 WARNING streamlit.runtime.scriptrunner_utils.script_run_context: Thread 'MainThread': missing ScriptRunContext! This warning can be ignored when running in bare mode.
2026-06-06 08:42:12.690 WARNING streamlit.runtime.scriptrunner_utils.script_run_context: Thread 'MainThread': missing ScriptRunContext! This warning can be ignored when running in bare mode.
2026-06-06 08:42:12.692 WARNING streamlit.runtime.scriptrunner_utils.script_run_context: Thread 'MainThread': missing ScriptRunContext! This warning can be ignored when running in bare mode.
2026-06-06 08:42:12.692 WARNING streamlit.runtime.scriptrunner_utils.script_run_context: Thread 'MainThread': missing ScriptRunContext! This warning can be ignored when running in bare mode.
2026-06-06 08:42:12.692 WARNING streamlit.runtime.scriptrunner_utils.script_run_context: Thread 'MainThread': missing ScriptRunContext! This warning can be ignored when running in bare mode.
2026-06-06 08:42:12.693 WARNING streamlit.runtime.scriptrunner_utils.script_run_context: Thread 'MainThread': missing ScriptRunContext! This warning can be ignored when running in bare mode.
2026-06-06 08:42:12.693 WARNING streamlit.runtime.scriptrunner_utils.script_run_context: Thread 'MainThread': missing ScriptRunContext! This warning can be ignored when running in bare mode.
2026-06-06 08:42:12.693 WARNING streamlit.runtime.scriptrunner_utils.script_run_context: Thread 'MainThread': missing ScriptRunContext! This warning can be ignored when running in bare mode.
2026-06-06 08:42:12.694 WARNING streamlit.runtime.scriptrunner_utils.script_run_context: Thread 'MainThread': missing ScriptRunContext! This warning can be ignored when running in bare mode.
2026-06-06 08:42:12.694 WARNING streamlit.runtime.scriptrunner_utils.script_run_context: Thread 'MainThread': missing ScriptRunContext! This warning can be ignored when running in bare mode.
2026-06-06 08:42:12.694 WARNING streamlit.runtime.scriptrunner_utils.script_run_context: Thread 'MainThread': missing ScriptRunContext! This warning can be ignored when running in bare mode.
2026-06-06 08:42:12.694 WARNING streamlit.runtime.scriptrunner_utils.script_run_context: Thread 'MainThread': missing ScriptRunContext! This warning can be ignored when running in bare mode.
2026-06-06 08:42:12.695 WARNING streamlit.runtime.scriptrunner_utils.script_run_context: Thread 'MainThread': missing ScriptRunContext! This warning can be ignored when running in bare mode.
2026-06-06 08:42:12.695 WARNING streamlit.runtime.scriptrunner_utils.script_run_context: Thread 'MainThread': missing ScriptRunContext! This warning can be ignored when running in bare mode.
2026-06-06 08:42:12.695 WARNING streamlit.runtime.scriptrunner_utils.script_run_context: Thread 'MainThread': missing ScriptRunContext! This warning can be ignored when running in bare mode.
2026-06-06 08:42:12.696 WARNING streamlit.runtime.scriptrunner_utils.script_run_context: Thread 'MainThread': missing ScriptRunContext! This warning can be ignored when running in bare mode.
2026-06-06 08:42:12.696 WARNING streamlit.runtime.scriptrunner_utils.script_run_context: Thread 'MainThread': missing ScriptRunContext! This warning can be ignored when running in bare mode.
2026-06-06 08:42:12.697 WARNING streamlit.runtime.scriptrunner_utils.script_run_context: Thread 'MainThread': missing ScriptRunContext! This warning can be ignored when running in bare mode.
2026-06-06 08:42:12.697 WARNING streamlit.runtime.scriptrunner_utils.script_run_context: Thread 'MainThread': missing ScriptRunContext! This warning can be ignored when running in bare mode.
2026-06-06 08:42:12.697 WARNING streamlit.runtime.scriptrunner_utils.script_run_context: Thread 'MainThread': missing ScriptRunContext! This warning can be ignored when running in bare mode.
2026-06-06 08:42:12.697 WARNING streamlit.runtime.scriptrunner_utils.script_run_context: Thread 'MainThread': missing ScriptRunContext! This warning can be ignored when running in bare mode.
2026-06-06 08:42:12.697 WARNING streamlit.runtime.scriptrunner_utils.script_run_context: Thread 'MainThread': missing ScriptRunContext! This warning can be ignored when running in bare mode.
2026-06-06 08:42:12.698 WARNING streamlit.runtime.scriptrunner_utils.script_run_context: Thread 'MainThread': missing ScriptRunContext! This warning can be ignored when running in bare mode.
2026-06-06 08:42:12.698 WARNING streamlit.runtime.scriptrunner_utils.script_run_context: Thread 'MainThread': missing ScriptRunContext! This warning can be ignored when running in bare mode.
2026-06-06 08:42:12.698 WARNING streamlit.runtime.scriptrunner_utils.script_run_context: Thread 'MainThread': missing ScriptRunContext! This warning can be ignored when running in bare mode.
2026-06-06 08:42:12.698 WARNING streamlit.runtime.scriptrunner_utils.script_run_context: Thread 'MainThread': missing ScriptRunContext! This warning can be ignored when running in bare mode.
2026-06-06 08:42:12.699 WARNING streamlit.runtime.scriptrunner_utils.script_run_context: Thread 'MainThread': missing ScriptRunContext! This warning can be ignored when running in bare mode.
2026-06-06 08:42:12.699 WARNING streamlit: 
  [33m[1mWarning:[0m to view a Streamlit app on a browser, use Streamlit in a file and
  run it with the following command:

    streamlit run [FILE_NAME] [ARGUMENTS]
2026-06-06 08:42:12.699 WARNING streamlit.runtime.scriptrunner_utils.script_run_context: Thread 'MainThread': missing ScriptRunContext! This warning can be ignored when running in bare mode.
2026-06-06 08:42:12.700 WARNING streamlit.runtime.scriptrunner_utils.script_run_context: Thread 'MainThread': missing ScriptRunContext! This warning can be ignored when running in bare mode.
2026-06-06 08:42:12.700 WARNING streamlit.runtime.scriptrunner_utils.script_run_context: Thread 'MainThread': missing ScriptRunContext! This warning can be ignored when running in bare mode.
2026-06-06 08:42:12.700 WARNING streamlit.runtime.scriptrunner_utils.script_run_context: Thread 'MainThread': missing ScriptRunContext! This warning can be ignored when running in bare mode.
2026-06-06 08:42:12.700 WARNING streamlit: 
  [33m[1mWarning:[0m to view a Streamlit app on a browser, use Streamlit in a file and
  run it with the following command:

    streamlit run [FILE_NAME] [ARGUMENTS]
2026-06-06 08:42:12.700 WARNING streamlit.runtime.scriptrunner_utils.script_run_context: Thread 'MainThread': missing ScriptRunContext! This warning can be ignored when running in bare mode.
2026-06-06 08:42:12.700 WARNING streamlit.runtime.scriptrunner_utils.script_run_context: Thread 'MainThread': missing ScriptRunContext! This warning can be ignored when running in bare mode.
2026-06-06 08:42:12.700 WARNING streamlit.runtime.scriptrunner_utils.script_run_context: Thread 'MainThread': missing ScriptRunContext! This warning can be ignored when running in bare mode.
2026-06-06 08:42:12.701 WARNING streamlit.runtime.scriptrunner_utils.script_run_context: Thread 'MainThread': missing ScriptRunContext! This warning can be ignored when running in bare mode.
2026-06-06 08:42:12.701 WARNING streamlit.runtime.scriptrunner_utils.script_run_context: Thread 'MainThread': missing ScriptRunContext! This warning can be ignored when running in bare mode.
2026-06-06 08:42:12.701 WARNING streamlit.runtime.scriptrunner_utils.script_run_context: Thread 'MainThread': missing ScriptRunContext! This warning can be ignored when running in bare mode.
2026-06-06 08:42:12.701 WARNING streamlit.runtime.scriptrunner_utils.script_run_context: Thread 'MainThread': missing ScriptRunContext! This warning can be ignored when running in bare mode.
2026-06-06 08:42:12.702 WARNING streamlit.runtime.scriptrunner_utils.script_run_context: Thread 'MainThread': missing ScriptRunContext! This warning can be ignored when running in bare mode.
2026-06-06 08:42:12.702 WARNING streamlit.runtime.scriptrunner_utils.script_run_context: Thread 'MainThread': missing ScriptRunContext! This warning can be ignored when running in bare mode.
2026-06-06 08:42:12.702 WARNING streamlit.runtime.scriptrunner_utils.script_run_context: Thread 'MainThread': missing ScriptRunContext! This warning can be ignored when running in bare mode.
2026-06-06 08:42:12.702 WARNING streamlit.runtime.scriptrunner_utils.script_run_context: Thread 'MainThread': missing ScriptRunContext! This warning can be ignored when running in bare mode.
2026-06-06 08:42:12.703 WARNING streamlit.runtime.scriptrunner_utils.script_run_context: Thread 'MainThread': missing ScriptRunContext! This warning can be ignored when running in bare mode.
2026-06-06 08:42:12.703 WARNING streamlit.runtime.scriptrunner_utils.script_run_context: Thread 'MainThread': missing ScriptRunContext! This warning can be ignored when running in bare mode.
2026-06-06 08:42:12.703 WARNING streamlit.runtime.scriptrunner_utils.script_run_context: Thread 'MainThread': missing ScriptRunContext! This warning can be ignored when running in bare mode.
2026-06-06 08:42:12.703 WARNING streamlit.runtime.scriptrunner_utils.script_run_context: Thread 'MainThread': missing ScriptRunContext! This warning can be ignored when running in bare mode.
2026-06-06 08:42:12.703 WARNING streamlit.runtime.scriptrunner_utils.script_run_context: Thread 'MainThread': missing ScriptRunContext! This warning can be ignored when running in bare mode.
2026-06-06 08:42:12.705 WARNING streamlit.runtime.scriptrunner_utils.script_run_context: Thread 'MainThread': missing ScriptRunContext! This warning can be ignored when running in bare mode.
2026-06-06 08:42:12.705 WARNING streamlit.runtime.scriptrunner_utils.script_run_context: Thread 'MainThread': missing ScriptRunContext! This warning can be ignored when running in bare mode.
2026-06-06 08:42:12.705 WARNING streamlit.runtime.scriptrunner_utils.script_run_context: Thread 'MainThread': missing ScriptRunContext! This warning can be ignored when running in bare mode.
2026-06-06 08:42:12.705 WARNING streamlit.runtime.scriptrunner_utils.script_run_context: Thread 'MainThread': missing ScriptRunContext! This warning can be ignored when running in bare mode.
2026-06-06 08:42:12.705 WARNING streamlit.runtime.scriptrunner_utils.script_run_context: Thread 'MainThread': missing ScriptRunContext! This warning can be ignored when running in bare mode.
2026-06-06 08:42:12.705 WARNING streamlit.runtime.scriptrunner_utils.script_run_context: Thread 'MainThread': missing ScriptRunContext! This warning can be ignored when running in bare mode.
2026-06-06 08:42:12.706 WARNING streamlit: 
  [33m[1mWarning:[0m to view a Streamlit app on a browser, use Streamlit in a file and
  run it with the following command:

    streamlit run [FILE_NAME] [ARGUMENTS]
2026-06-06 08:42:12.706 WARNING streamlit.runtime.scriptrunner_utils.script_run_context: Thread 'MainThread': missing ScriptRunContext! This warning can be ignored when running in bare mode.
2026-06-06 08:42:12.706 WARNING streamlit.runtime.scriptrunner_utils.script_run_context: Thread 'MainThread': missing ScriptRunContext! This warning can be ignored when running in bare mode.
2026-06-06 08:42:12.706 WARNING streamlit.runtime.scriptrunner_utils.script_run_context: Thread 'MainThread': missing ScriptRunContext! This warning can be ignored when running in bare mode.
2026-06-06 08:42:12.707 WARNING streamlit.runtime.scriptrunner_utils.script_run_context: Thread 'MainThread': missing ScriptRunContext! This warning can be ignored when running in bare mode.
2026-06-06 08:42:12.707 WARNING streamlit.runtime.scriptrunner_utils.script_run_context: Thread 'MainThread': missing ScriptRunContext! This warning can be ignored when running in bare mode.
2026-06-06 08:42:12.707 WARNING streamlit.runtime.scriptrunner_utils.script_run_context: Thread 'MainThread': missing ScriptRunContext! This warning can be ignored when running in bare mode.
2026-06-06 08:42:12.709 WARNING streamlit.runtime.scriptrunner_utils.script_run_context: Thread 'MainThread': missing ScriptRunContext! This warning can be ignored when running in bare mode.
2026-06-06 08:42:12.707 WARNING streamlit.runtime.scriptrunner_utils.script_run_context: Thread 'MainThread': missing ScriptRunContext! This warning can be ignored when running in bare mode.
2026-06-06 08:42:12.707 WARNING streamlit.runtime.scriptrunner_utils.script_run_context: Thread 'MainThread': missing ScriptRunContext! This warning can be ignored when running in bare mode.
2026-06-06 08:42:12.707 WARNING streamlit.runtime.scriptrunner_utils.script_run_context: Thread 'MainThread': missing ScriptRunContext! This warning can be ignored when running in bare mode.
2026-06-06 08:42:12.707 WARNING streamlit.runtime.scriptrunner_utils.script_run_context: Thread 'MainThread': missing ScriptRunContext! This warning can be ignored when running in bare mode.
2026-06-06 08:42:12.707 WARNING streamlit.runtime.scriptrunner_utils.script_run_context: Thread 'MainThread': missing ScriptRunContext! This warning can be ignored when running in bare mode.
2026-06-06 08:42:12.709 WARNING streamlit.runtime.scriptrunner_utils.script_run_context: Thread 'MainThread': missing ScriptRunContext! This warning can be ignored when running in bare mode.
2026-06-06 08:42:12.709 WARNING streamlit.runtime.scriptrunner_utils.script_run_context: Thread 'MainThread': missing ScriptRunContext! This warning can be ignored when running in bare mode.
2026-06-06 08:42:12.709 WARNING streamlit.runtime.scriptrunner_utils.script_run_context: Thread 'MainThread': missing ScriptRunContext! This warning can be ignored when running in bare mode.
2026-06-06 08:42:12.709 WARNING streamlit.runtime.scriptrunner_utils.script_run_context: Thread 'MainThread': missing ScriptRunContext! This warning can be ignored when running in bare mode.
2026-06-06 08:42:12.709 WARNING streamlit.runtime.scriptrunner_utils.script_run_context: Thread 'MainThread': missing ScriptRunContext! This warning can be ignored when running in bare mode.
2026-06-06 08:42:12.709 WARNING streamlit.runtime.scriptrunner_utils.script_run_context: Thread 'MainThread': missing ScriptRunContext! This warning can be ignored when running in bare mode.
2026-06-06 08:42:12.710 WARNING streamlit.runtime.scriptrunner_utils.script_run_context: Thread 'MainThread': missing ScriptRunContext! This warning can be ignored when running in bare mode.
2026-06-06 08:42:12.710 WARNING streamlit.runtime.scriptrunner_utils.script_run_context: Thread 'MainThread': missing ScriptRunContext! This warning can be ignored when running in bare mode.
2026-06-06 08:42:12.710 WARNING streamlit.runtime.scriptrunner_utils.script_run_context: Thread 'MainThread': missing ScriptRunContext! This warning can be ignored when running in bare mode.
2026-06-06 08:42:12.711 WARNING streamlit.runtime.scriptrunner_utils.script_run_context: Thread 'MainThread': missing ScriptRunContext! This warning can be ignored when running in bare mode.
2026-06-06 08:42:12.711 WARNING streamlit.runtime.scriptrunner_utils.script_run_context: Thread 'MainThread': missing ScriptRunContext! This warning can be ignored when running in bare mode.
2026-06-06 08:42:12.711 WARNING streamlit.runtime.scriptrunner_utils.script_run_context: Thread 'MainThread': missing ScriptRunContext! This warning can be ignored when running in bare mode.
2026-06-06 08:42:12.711 WARNING streamlit.runtime.scriptrunner_utils.script_run_context: Thread 'MainThread': missing ScriptRunContext! This warning can be ignored when running in bare mode.
2026-06-06 08:42:12.711 WARNING streamlit.runtime.scriptrunner_utils.script_run_context: Thread 'MainThread': missing ScriptRunContext! This warning can be ignored when running in bare mode.
2026-06-06 08:42:12.712 WARNING streamlit.runtime.scriptrunner_utils.script_run_context: Thread 'MainThread': missing ScriptRunContext! This warning can be ignored when running in bare mode.
2026-06-06 08:42:12.712 WARNING streamlit.runtime.scriptrunner_utils.script_run_context: Thread 'MainThread': missing ScriptRunContext! This warning can be ignored when running in bare mode.
2026-06-06 08:42:12.712 WARNING streamlit.runtime.scriptrunner_utils.script_run_context: Thread 'MainThread': missing ScriptRunContext! This warning can be ignored when running in bare mode.
2026-06-06 08:42:12.712 WARNING streamlit.runtime.scriptrunner_utils.script_run_context: Thread 'MainThread': missing ScriptRunContext! This warning can be ignored when running in bare mode.
2026-06-06 08:42:12.712 WARNING streamlit.runtime.scriptrunner_utils.script_run_context: Thread 'MainThread': missing ScriptRunContext! This warning can be ignored when running in bare mode.
2026-06-06 08:42:12.713 WARNING streamlit.runtime.scriptrunner_utils.script_run_context: Thread 'MainThread': missing ScriptRunContext! This warning can be ignored when running in bare mode.
2026-06-06 08:42:12.713 WARNING streamlit.runtime.scriptrunner_utils.script_run_context: Thread 'MainThread': missing ScriptRunContext! This warning can be ignored when running in bare mode.
2026-06-06 08:42:12.713 WARNING streamlit.runtime.scriptrunner_utils.script_run_context: Thread 'MainThread': missing ScriptRunContext! This warning can be ignored when running in bare mode.
2026-06-06 08:42:12.713 WARNING streamlit.runtime.scriptrunner_utils.script_run_context: Thread 'MainThread': missing ScriptRunContext! This warning can be ignored when running in bare mode.
2026-06-06 08:42:12.714 WARNING streamlit.runtime.scriptrunner_utils.script_run_context: Thread 'MainThread': missing ScriptRunContext! This warning can be ignored when running in bare mode.
2026-06-06 08:42:12.715 WARNING streamlit.runtime.scriptrunner_utils.script_run_context: Thread 'MainThread': missing ScriptRunContext! This warning can be ignored when running in bare mode.
2026-06-06 08:42:12.715 WARNING streamlit.runtime.scriptrunner_utils.script_run_context: Thread 'MainThread': missing ScriptRunContext! This warning can be ignored when running in bare mode.
2026-06-06 08:42:12.715 WARNING streamlit.runtime.scriptrunner_utils.script_run_context: Thread 'MainThread': missing ScriptRunContext! This warning can be ignored when running in bare mode.
2026-06-06 08:42:12.715 WARNING streamlit.runtime.scriptrunner_utils.script_run_context: Thread 'MainThread': missing ScriptRunContext! This warning can be ignored when running in bare mode.
2026-06-06 08:42:12.715 WARNING streamlit.runtime.scriptrunner_utils.script_run_context: Thread 'MainThread': missing ScriptRunContext! This warning can be ignored when running in bare mode.
2026-06-06 08:42:12.716 WARNING streamlit.runtime.scriptrunner_utils.script_run_context: Thread 'MainThread': missing ScriptRunContext! This warning can be ignored when running in bare mode.
2026-06-06 08:42:12.716 WARNING streamlit.runtime.scriptrunner_utils.script_run_context: Thread 'MainThread': missing ScriptRunContext! This warning can be ignored when running in bare mode.
2026-06-06 08:42:12.716 WARNING streamlit.runtime.scriptrunner_utils.script_run_context: Thread 'MainThread': missing ScriptRunContext! This warning can be ignored when running in bare mode.
2026-06-06 08:42:12.716 WARNING streamlit.runtime.scriptrunner_utils.script_run_context: Thread 'MainThread': missing ScriptRunContext! This warning can be ignored when running in bare mode.
2026-06-06 08:42:12.717 WARNING streamlit.runtime.scriptrunner_utils.script_run_context: Thread 'MainThread': missing ScriptRunContext! This warning can be ignored when running in bare mode.
2026-06-06 08:42:12.717 WARNING streamlit.runtime.scriptrunner_utils.script_run_context: Thread 'MainThread': missing ScriptRunContext! This warning can be ignored when running in bare mode.
2026-06-06 08:42:12.717 WARNING streamlit.runtime.scriptrunner_utils.script_run_context: Thread 'MainThread': missing ScriptRunContext! This warning can be ignored when running in bare mode.
2026-06-06 08:42:12.717 WARNING streamlit.runtime.scriptrunner_utils.script_run_context: Thread 'MainThread': missing ScriptRunContext! This warning can be ignored when running in bare mode.
2026-06-06 08:42:12.718 WARNING streamlit.runtime.scriptrunner_utils.script_run_context: Thread 'MainThread': missing ScriptRunContext! This warning can be ignored when running in bare mode.
2026-06-06 08:42:12.718 Thread 'MainThread': missing ScriptRunContext! This warning can be ignored when running in bare mode.
2026-06-06 08:42:12.718 Thread 'MainThread': missing ScriptRunContext! This warning can be ignored when running in bare mode.
2026-06-06 08:42:12.718 WARNING streamlit.runtime.scriptrunner_utils.script_run_context: Thread 'MainThread': missing ScriptRunContext! This warning can be ignored when running in bare mode.
2026-06-06 08:42:12.718 WARNING streamlit.runtime.scriptrunner_utils.script_run_context: Thread 'MainThread': missing ScriptRunContext! This warning can be ignored when running in bare mode.
2026-06-06 08:42:12.719 WARNING streamlit.runtime.scriptrunner_utils.script_run_context: Thread 'MainThread': missing ScriptRunContext! This warning can be ignored when running in bare mode.
2026-06-06 08:42:12.718 WARNING streamlit.runtime.scriptrunner_utils.script_run_context: Thread 'MainThread': missing ScriptRunContext! This warning can be ignored when running in bare mode.
2026-06-06 08:42:12.719 WARNING streamlit.runtime.scriptrunner_utils.script_run_context: Thread 'MainThread': missing ScriptRunContext! This warning can be ignored when running in bare mode.
2026-06-06 08:42:12.719 Thread 'MainThread': missing ScriptRunContext! This warning can be ignored when running in bare mode.
2026-06-06 08:42:12.719 Thread 'MainThread': missing ScriptRunContext! This warning can be ignored when running in bare mode.
2026-06-06 08:42:12.718 WARNING streamlit.runtime.scriptrunner_utils.script_run_context: Thread 'MainThread': missing ScriptRunContext! This warning can be ignored when running in bare mode.
2026-06-06 08:42:12.719 WARNING streamlit.runtime.scriptrunner_utils.script_run_context: Thread 'MainThread': missing ScriptRunContext! This warning can be ignored when running in bare mode.
2026-06-06 08:42:12.720 WARNING streamlit.runtime.scriptrunner_utils.script_run_context: Thread 'MainThread': missing ScriptRunContext! This warning can be ignored when running in bare mode.
2026-06-06 08:42:12.721 WARNING streamlit.runtime.scriptrunner_utils.script_run_context: Thread 'MainThread': missing ScriptRunContext! This warning can be ignored when running in bare mode.
2026-06-06 08:42:12.721 WARNING streamlit.runtime.scriptrunner_utils.script_run_context: Thread 'MainThread': missing ScriptRunContext! This warning can be ignored when running in bare mode.
2026-06-06 08:42:12.721 Thread 'MainThread': missing ScriptRunContext! This warning can be ignored when running in bare mode.
2026-06-06 08:42:12.721 Thread 'MainThread': missing ScriptRunContext! This warning can be ignored when running in bare mode.
2026-06-06 08:42:12.722 WARNING streamlit.runtime.scriptrunner_utils.script_run_context: Thread 'MainThread': missing ScriptRunContext! This warning can be ignored when running in bare mode.
2026-06-06 08:42:12.722 WARNING streamlit.runtime.scriptrunner_utils.script_run_context: Thread 'MainThread': missing ScriptRunContext! This warning can be ignored when running in bare mode.
2026-06-06 08:42:12.722 WARNING streamlit.runtime.scriptrunner_utils.script_run_context: Thread 'MainThread': missing ScriptRunContext! This warning can be ignored when running in bare mode.
2026-06-06 08:42:12.722 WARNING streamlit.runtime.scriptrunner_utils.script_run_context: Thread 'MainThread': missing ScriptRunContext! This warning can be ignored when running in bare mode.
2026-06-06 08:42:12.722 WARNING streamlit.runtime.scriptrunner_utils.script_run_context: Thread 'MainThread': missing ScriptRunContext! This warning can be ignored when running in bare mode.
2026-06-06 08:42:12.723 WARNING streamlit.runtime.scriptrunner_utils.script_run_context: Thread 'MainThread': missing ScriptRunContext! This warning can be ignored when running in bare mode.
2026-06-06 08:42:12.723 WARNING streamlit.runtime.scriptrunner_utils.script_run_context: Thread 'MainThread': missing ScriptRunContext! This warning can be ignored when running in bare mode.
2026-06-06 08:42:12.723 WARNING streamlit.runtime.scriptrunner_utils.script_run_context: Thread 'MainThread': missing ScriptRunContext! This warning can be ignored when running in bare mode.
2026-06-06 08:42:12.724 WARNING streamlit.runtime.scriptrunner_utils.script_run_context: Thread 'MainThread': missing ScriptRunContext! This warning can be ignored when running in bare mode.
2026-06-06 08:42:12.724 WARNING streamlit.runtime.scriptrunner_utils.script_run_context: Thread 'MainThread': missing ScriptRunContext! This warning can be ignored when running in bare mode.
2026-06-06 08:42:12.724 WARNING streamlit.runtime.scriptrunner_utils.script_run_context: Thread 'MainThread': missing ScriptRunContext! This warning can be ignored when running in bare mode.
2026-06-06 08:42:12.724 WARNING streamlit.runtime.scriptrunner_utils.script_run_context: Thread 'MainThread': missing ScriptRunContext! This warning can be ignored when running in bare mode.
2026-06-06 08:42:12.725 WARNING streamlit.runtime.scriptrunner_utils.script_run_context: Thread 'MainThread': missing ScriptRunContext! This warning can be ignored when running in bare mode.
2026-06-06 08:42:12.725 WARNING streamlit.runtime.scriptrunner_utils.script_run_context: Thread 'MainThread': missing ScriptRunContext! This warning can be ignored when running in bare mode.
2026-06-06 08:42:12.725 WARNING streamlit.runtime.scriptrunner_utils.script_run_context: Thread 'MainThread': missing ScriptRunContext! This warning can be ignored when running in bare mode.
2026-06-06 08:42:12.725 WARNING streamlit.runtime.scriptrunner_utils.script_run_context: Thread 'MainThread': missing ScriptRunContext! This warning can be ignored when running in bare mode.
2026-06-06 08:42:12.725 WARNING streamlit.runtime.scriptrunner_utils.script_run_context: Thread 'MainThread': missing ScriptRunContext! This warning can be ignored when running in bare mode.
2026-06-06 08:42:12.726 WARNING streamlit.runtime.scriptrunner_utils.script_run_context: Thread 'MainThread': missing ScriptRunContext! This warning can be ignored when running in bare mode.
2026-06-06 08:42:12.726 WARNING streamlit.runtime.scriptrunner_utils.script_run_context: Thread 'MainThread': missing ScriptRunContext! This warning can be ignored when running in bare mode.
2026-06-06 08:42:12.726 WARNING streamlit.runtime.scriptrunner_utils.script_run_context: Thread 'MainThread': missing ScriptRunContext! This warning can be ignored when running in bare mode.
2026-06-06 08:42:12.726 WARNING streamlit.runtime.scriptrunner_utils.script_run_context: Thread 'MainThread': missing ScriptRunContext! This warning can be ignored when running in bare mode.
2026-06-06 08:42:12.727 WARNING streamlit.runtime.scriptrunner_utils.script_run_context: Thread 'MainThread': missing ScriptRunContext! This warning can be ignored when running in bare mode.
2026-06-06 08:42:12.727 WARNING streamlit.runtime.scriptrunner_utils.script_run_context: Thread 'MainThread': missing ScriptRunContext! This warning can be ignored when running in bare mode.
2026-06-06 08:42:12.727 WARNING streamlit.runtime.scriptrunner_utils.script_run_context: Thread 'MainThread': missing ScriptRunContext! This warning can be ignored when running in bare mode.
2026-06-06 08:42:12.727 WARNING streamlit.runtime.scriptrunner_utils.script_run_context: Thread 'MainThread': missing ScriptRunContext! This warning can be ignored when running in bare mode.
2026-06-06 08:42:12.728 WARNING streamlit.runtime.scriptrunner_utils.script_run_context: Thread 'MainThread': missing ScriptRunContext! This warning can be ignored when running in bare mode.
2026-06-06 08:42:12.728 WARNING streamlit.runtime.scriptrunner_utils.script_run_context: Thread 'MainThread': missing ScriptRunContext! This warning can be ignored when running in bare mode.
2026-06-06 08:42:12.729 WARNING streamlit.runtime.scriptrunner_utils.script_run_context: Thread 'MainThread': missing ScriptRunContext! This warning can be ignored when running in bare mode.
2026-06-06 08:42:12.728 WARNING streamlit.runtime.scriptrunner_utils.script_run_context: Thread 'MainThread': missing ScriptRunContext! This warning can be ignored when running in bare mode.
2026-06-06 08:42:12.729 WARNING streamlit.runtime.scriptrunner_utils.script_run_context: Thread 'MainThread': missing ScriptRunContext! This warning can be ignored when running in bare mode.
2026-06-06 08:42:12.728 WARNING streamlit.runtime.scriptrunner_utils.script_run_context: Thread 'MainThread': missing ScriptRunContext! This warning can be ignored when running in bare mode.
2026-06-06 08:42:12.729 WARNING streamlit.runtime.scriptrunner_utils.script_run_context: Thread 'MainThread': missing ScriptRunContext! This warning can be ignored when running in bare mode.
2026-06-06 08:42:12.730 WARNING streamlit.runtime.scriptrunner_utils.script_run_context: Thread 'MainThread': missing ScriptRunContext! This warning can be ignored when running in bare mode.
2026-06-06 08:42:12.730 WARNING streamlit.runtime.scriptrunner_utils.script_run_context: Thread 'MainThread': missing ScriptRunContext! This warning can be ignored when running in bare mode.
2026-06-06 08:42:12.730 WARNING streamlit.runtime.scriptrunner_utils.script_run_context: Thread 'MainThread': missing ScriptRunContext! This warning can be ignored when running in bare mode.
2026-06-06 08:42:12.729 WARNING streamlit.runtime.scriptrunner_utils.script_run_context: Thread 'MainThread': missing ScriptRunContext! This warning can be ignored when running in bare mode.
2026-06-06 08:42:12.730 WARNING streamlit.runtime.scriptrunner_utils.script_run_context: Thread 'MainThread': missing ScriptRunContext! This warning can be ignored when running in bare mode.
2026-06-06 08:42:12.730 WARNING streamlit.runtime.scriptrunner_utils.script_run_context: Thread 'MainThread': missing ScriptRunContext! This warning can be ignored when running in bare mode.
2026-06-06 08:42:12.731 WARNING streamlit.runtime.scriptrunner_utils.script_run_context: Thread 'MainThread': missing ScriptRunContext! This warning can be ignored when running in bare mode.
2026-06-06 08:42:12.731 WARNING streamlit.runtime.scriptrunner_utils.script_run_context: Thread 'MainThread': missing ScriptRunContext! This warning can be ignored when running in bare mode.
2026-06-06 08:42:12.731 WARNING streamlit.runtime.scriptrunner_utils.script_run_context: Thread 'MainThread': missing ScriptRunContext! This warning can be ignored when running in bare mode.
2026-06-06 08:42:12.731 WARNING streamlit.runtime.scriptrunner_utils.script_run_context: Thread 'MainThread': missing ScriptRunContext! This warning can be ignored when running in bare mode.
2026-06-06 08:42:12.731 WARNING streamlit.runtime.scriptrunner_utils.script_run_context: Thread 'MainThread': missing ScriptRunContext! This warning can be ignored when running in bare mode.
2026-06-06 08:42:12.733 WARNING streamlit.runtime.scriptrunner_utils.script_run_context: Thread 'MainThread': missing ScriptRunContext! This warning can be ignored when running in bare mode.
2026-06-06 08:42:12.733 WARNING streamlit.runtime.scriptrunner_utils.script_run_context: Thread 'MainThread': missing ScriptRunContext! This warning can be ignored when running in bare mode.
2026-06-06 08:42:12.733 WARNING streamlit: 
  [33m[1mWarning:[0m to view a Streamlit app on a browser, use Streamlit in a file and
  run it with the following command:

    streamlit run [FILE_NAME] [ARGUMENTS]
2026-06-06 08:42:12.733 WARNING streamlit.runtime.scriptrunner_utils.script_run_context: Thread 'MainThread': missing ScriptRunContext! This warning can be ignored when running in bare mode.
2026-06-06 08:42:12.733 WARNING streamlit.runtime.scriptrunner_utils.script_run_context: Thread 'MainThread': missing ScriptRunContext! This warning can be ignored when running in bare mode.
2026-06-06 08:42:12.734 WARNING streamlit.runtime.scriptrunner_utils.script_run_context: Thread 'MainThread': missing ScriptRunContext! This warning can be ignored when running in bare mode.
2026-06-06 08:42:12.734 WARNING streamlit.runtime.scriptrunner_utils.script_run_context: Thread 'MainThread': missing ScriptRunContext! This warning can be ignored when running in bare mode.
2026-06-06 08:42:12.734 WARNING streamlit.runtime.scriptrunner_utils.script_run_context: Thread 'MainThread': missing ScriptRunContext! This warning can be ignored when running in bare mode.
2026-06-06 08:42:12.735 WARNING streamlit.runtime.scriptrunner_utils.script_run_context: Thread 'MainThread': missing ScriptRunContext! This warning can be ignored when running in bare mode.
2026-06-06 08:42:12.735 WARNING streamlit.runtime.scriptrunner_utils.script_run_context: Thread 'MainThread': missing ScriptRunContext! This warning can be ignored when running in bare mode.
2026-06-06 08:42:12.736 WARNING streamlit.runtime.scriptrunner_utils.script_run_context: Thread 'MainThread': missing ScriptRunContext! This warning can be ignored when running in bare mode.
2026-06-06 08:42:12.735 WARNING streamlit.runtime.scriptrunner_utils.script_run_context: Thread 'MainThread': missing ScriptRunContext! This warning can be ignored when running in bare mode.
2026-06-06 08:42:12.736 WARNING streamlit.runtime.scriptrunner_utils.script_run_context: Thread 'MainThread': missing ScriptRunContext! This warning can be ignored when running in bare mode.
2026-06-06 08:42:12.736 WARNING streamlit.runtime.scriptrunner_utils.script_run_context: Thread 'MainThread': missing ScriptRunContext! This warning can be ignored when running in bare mode.
2026-06-06 08:42:12.735 WARNING streamlit.runtime.scriptrunner_utils.script_run_context: Thread 'MainThread': missing ScriptRunContext! This warning can be ignored when running in bare mode.
2026-06-06 08:42:12.736 WARNING streamlit.runtime.scriptrunner_utils.script_run_context: Thread 'MainThread': missing ScriptRunContext! This warning can be ignored when running in bare mode.
2026-06-06 08:42:12.737 WARNING streamlit.runtime.scriptrunner_utils.script_run_context: Thread 'MainThread': missing ScriptRunContext! This warning can be ignored when running in bare mode.
2026-06-06 08:42:12.736 WARNING streamlit.runtime.scriptrunner_utils.script_run_context: Thread 'MainThread': missing ScriptRunContext! This warning can be ignored when running in bare mode.
2026-06-06 08:42:12.736 WARNING streamlit.runtime.scriptrunner_utils.script_run_context: Thread 'MainThread': missing ScriptRunContext! This warning can be ignored when running in bare mode.
2026-06-06 08:42:12.737 WARNING streamlit.runtime.scriptrunner_utils.script_run_context: Thread 'MainThread': missing ScriptRunContext! This warning can be ignored when running in bare mode.
2026-06-06 08:42:12.736 WARNING streamlit.runtime.scriptrunner_utils.script_run_context: Thread 'MainThread': missing ScriptRunContext! This warning can be ignored when running in bare mode.
2026-06-06 08:42:12.737 WARNING streamlit.runtime.scriptrunner_utils.script_run_context: Thread 'MainThread': missing ScriptRunContext! This warning can be ignored when running in bare mode.
2026-06-06 08:42:12.737 WARNING streamlit.runtime.scriptrunner_utils.script_run_context: Thread 'MainThread': missing ScriptRunContext! This warning can be ignored when running in bare mode.
2026-06-06 08:42:12.737 WARNING streamlit.runtime.scriptrunner_utils.script_run_context: Thread 'MainThread': missing ScriptRunContext! This warning can be ignored when running in bare mode.
2026-06-06 08:42:12.738 WARNING streamlit.runtime.scriptrunner_utils.script_run_context: Thread 'MainThread': missing ScriptRunContext! This warning can be ignored when running in bare mode.
2026-06-06 08:42:12.738 WARNING streamlit.runtime.scriptrunner_utils.script_run_context: Thread 'MainThread': missing ScriptRunContext! This warning can be ignored when running in bare mode.
2026-06-06 08:42:12.738 WARNING streamlit.runtime.scriptrunner_utils.script_run_context: Thread 'MainThread': missing ScriptRunContext! This warning can be ignored when running in bare mode.
2026-06-06 08:42:12.739 WARNING streamlit.runtime.scriptrunner_utils.script_run_context: Thread 'MainThread': missing ScriptRunContext! This warning can be ignored when running in bare mode.
2026-06-06 08:42:12.740 WARNING streamlit.runtime.scriptrunner_utils.script_run_context: Thread 'MainThread': missing ScriptRunContext! This warning can be ignored when running in bare mode.
2026-06-06 08:42:12.739 WARNING streamlit.runtime.scriptrunner_utils.script_run_context: Thread 'MainThread': missing ScriptRunContext! This warning can be ignored when running in bare mode.
2026-06-06 08:42:12.739 WARNING streamlit.runtime.scriptrunner_utils.script_run_context: Thread 'MainThread': missing ScriptRunContext! This warning can be ignored when running in bare mode.
2026-06-06 08:42:12.739 WARNING streamlit.runtime.scriptrunner_utils.script_run_context: Thread 'MainThread': missing ScriptRunContext! This warning can be ignored when running in bare mode.
2026-06-06 08:42:12.739 WARNING streamlit.runtime.scriptrunner_utils.script_run_context: Thread 'MainThread': missing ScriptRunContext! This warning can be ignored when running in bare mode.
2026-06-06 08:42:12.740 WARNING streamlit.runtime.scriptrunner_utils.script_run_context: Thread 'MainThread': missing ScriptRunContext! This warning can be ignored when running in bare mode.
2026-06-06 08:42:12.740 WARNING streamlit.runtime.scriptrunner_utils.script_run_context: Thread 'MainThread': missing ScriptRunContext! This warning can be ignored when running in bare mode.
2026-06-06 08:42:12.740 WARNING streamlit.runtime.scriptrunner_utils.script_run_context: Thread 'MainThread': missing ScriptRunContext! This warning can be ignored when running in bare mode.
2026-06-06 08:42:12.740 WARNING streamlit.runtime.scriptrunner_utils.script_run_context: Thread 'MainThread': missing ScriptRunContext! This warning can be ignored when running in bare mode.
2026-06-06 08:42:12.740 WARNING streamlit.runtime.scriptrunner_utils.script_run_context: Thread 'MainThread': missing ScriptRunContext! This warning can be ignored when running in bare mode.
2026-06-06 08:42:12.742 WARNING streamlit.runtime.scriptrunner_utils.script_run_context: Thread 'MainThread': missing ScriptRunContext! This warning can be ignored when running in bare mode.
2026-06-06 08:42:12.742 WARNING streamlit.runtime.scriptrunner_utils.script_run_context: Thread 'MainThread': missing ScriptRunContext! This warning can be ignored when running in bare mode.
2026-06-06 08:42:12.742 WARNING streamlit.runtime.scriptrunner_utils.script_run_context: Thread 'MainThread': missing ScriptRunContext! This warning can be ignored when running in bare mode.
2026-06-06 08:42:12.743 WARNING streamlit.runtime.scriptrunner_utils.script_run_context: Thread 'MainThread': missing ScriptRunContext! This warning can be ignored when running in bare mode.
2026-06-06 08:42:12.743 WARNING streamlit.runtime.scriptrunner_utils.script_run_context: Thread 'MainThread': missing ScriptRunContext! This warning can be ignored when running in bare mode.
2026-06-06 08:42:12.743 WARNING streamlit.runtime.scriptrunner_utils.script_run_context: Thread 'MainThread': missing ScriptRunContext! This warning can be ignored when running in bare mode.
2026-06-06 08:42:12.743 WARNING streamlit.runtime.scriptrunner_utils.script_run_context: Thread 'MainThread': missing ScriptRunContext! This warning can be ignored when running in bare mode.
2026-06-06 08:42:12.744 WARNING streamlit.runtime.scriptrunner_utils.script_run_context: Thread 'MainThread': missing ScriptRunContext! This warning can be ignored when running in bare mode.
2026-06-06 08:42:12.744 Thread 'MainThread': missing ScriptRunContext! This warning can be ignored when running in bare mode.
2026-06-06 08:42:12.744 WARNING streamlit.runtime.scriptrunner_utils.script_run_context: Thread 'MainThread': missing ScriptRunContext! This warning can be ignored when running in bare mode.
2026-06-06 08:42:12.744 WARNING streamlit.runtime.scriptrunner_utils.script_run_context: Thread 'MainThread': missing ScriptRunContext! This warning can be ignored when running in bare mode.
2026-06-06 08:42:12.744 WARNING streamlit.runtime.scriptrunner_utils.script_run_context: Thread 'MainThread': missing ScriptRunContext! This warning can be ignored when running in bare mode.
2026-06-06 08:42:12.745 WARNING streamlit.runtime.scriptrunner_utils.script_run_context: Thread 'MainThread': missing ScriptRunContext! This warning can be ignored when running in bare mode.
2026-06-06 08:42:12.745 Thread 'MainThread': missing ScriptRunContext! This warning can be ignored when running in bare mode.
2026-06-06 08:42:12.746 WARNING streamlit.runtime.scriptrunner_utils.script_run_context: Thread 'MainThread': missing ScriptRunContext! This warning can be ignored when running in bare mode.
2026-06-06 08:42:12.745 WARNING streamlit.runtime.scriptrunner_utils.script_run_context: Thread 'MainThread': missing ScriptRunContext! This warning can be ignored when running in bare mode.
2026-06-06 08:42:12.746 WARNING streamlit.runtime.scriptrunner_utils.script_run_context: Thread 'MainThread': missing ScriptRunContext! This warning can be ignored when running in bare mode.
2026-06-06 08:42:12.745 WARNING streamlit.runtime.scriptrunner_utils.script_run_context: Thread 'MainThread': missing ScriptRunContext! This warning can be ignored when running in bare mode.
2026-06-06 08:42:12.746 Thread 'MainThread': missing ScriptRunContext! This warning can be ignored when running in bare mode.
2026-06-06 08:42:12.746 WARNING streamlit.runtime.scriptrunner_utils.script_run_context: Thread 'MainThread': missing ScriptRunContext! This warning can be ignored when running in bare mode.
2026-06-06 08:42:12.747 WARNING streamlit.runtime.scriptrunner_utils.script_run_context: Thread 'MainThread': missing ScriptRunContext! This warning can be ignored when running in bare mode.
2026-06-06 08:42:12.747 WARNING streamlit.runtime.scriptrunner_utils.script_run_context: Thread 'MainThread': missing ScriptRunContext! This warning can be ignored when running in bare mode.
2026-06-06 08:42:12.747 Thread 'MainThread': missing ScriptRunContext! This warning can be ignored when running in bare mode.
2026-06-06 08:42:12.747 WARNING streamlit.runtime.scriptrunner_utils.script_run_context: Thread 'MainThread': missing ScriptRunContext! This warning can be ignored when running in bare mode.
2026-06-06 08:42:12.748 WARNING streamlit.runtime.scriptrunner_utils.script_run_context: Thread 'MainThread': missing ScriptRunContext! This warning can be ignored when running in bare mode.
2026-06-06 08:42:12.748 WARNING streamlit.runtime.scriptrunner_utils.script_run_context: Thread 'MainThread': missing ScriptRunContext! This warning can be ignored when running in bare mode.
2026-06-06 08:42:12.748 WARNING streamlit.runtime.scriptrunner_utils.script_run_context: Thread 'MainThread': missing ScriptRunContext! This warning can be ignored when running in bare mode.
2026-06-06 08:42:12.748 Thread 'MainThread': missing ScriptRunContext! This warning can be ignored when running in bare mode.
2026-06-06 08:42:12.748 WARNING streamlit.runtime.scriptrunner_utils.script_run_context: Thread 'MainThread': missing ScriptRunContext! This warning can be ignored when running in bare mode.
2026-06-06 08:42:12.748 WARNING streamlit.runtime.scriptrunner_utils.script_run_context: Thread 'MainThread': missing ScriptRunContext! This warning can be ignored when running in bare mode.
2026-06-06 08:42:12.749 WARNING streamlit.runtime.scriptrunner_utils.script_run_context: Thread 'MainThread': missing ScriptRunContext! This warning can be ignored when running in bare mode.
2026-06-06 08:42:12.749 WARNING streamlit.runtime.scriptrunner_utils.script_run_context: Thread 'MainThread': missing ScriptRunContext! This warning can be ignored when running in bare mode.
2026-06-06 08:42:12.749 Thread 'MainThread': missing ScriptRunContext! This warning can be ignored when running in bare mode.
2026-06-06 08:42:12.750 WARNING streamlit.runtime.scriptrunner_utils.script_run_context: Thread 'MainThread': missing ScriptRunContext! This warning can be ignored when running in bare mode.
2026-06-06 08:42:12.750 WARNING streamlit.runtime.scriptrunner_utils.script_run_context: Thread 'MainThread': missing ScriptRunContext! This warning can be ignored when running in bare mode.
2026-06-06 08:42:12.750 WARNING streamlit.runtime.scriptrunner_utils.script_run_context: Thread 'MainThread': missing ScriptRunContext! This warning can be ignored when running in bare mode.
2026-06-06 08:42:12.750 WARNING streamlit.runtime.scriptrunner_utils.script_run_context: Thread 'MainThread': missing ScriptRunContext! This warning can be ignored when running in bare mode.
2026-06-06 08:42:12.751 WARNING streamlit.runtime.scriptrunner_utils.script_run_context: Thread 'MainThread': missing ScriptRunContext! This warning can be ignored when running in bare mode.
2026-06-06 08:42:12.751 WARNING streamlit.runtime.scriptrunner_utils.script_run_context: Thread 'MainThread': missing ScriptRunContext! This warning can be ignored when running in bare mode.
2026-06-06 08:42:12.752 WARNING streamlit.runtime.scriptrunner_utils.script_run_context: Thread 'MainThread': missing ScriptRunContext! This warning can be ignored when running in bare mode.
2026-06-06 08:42:12.752 WARNING streamlit.runtime.scriptrunner_utils.script_run_context: Thread 'MainThread': missing ScriptRunContext! This warning can be ignored when running in bare mode.
2026-06-06 08:42:12.751 WARNING streamlit.runtime.scriptrunner_utils.script_run_context: Thread 'MainThread': missing ScriptRunContext! This warning can be ignored when running in bare mode.
2026-06-06 08:42:12.752 WARNING streamlit.runtime.scriptrunner_utils.script_run_context: Thread 'MainThread': missing ScriptRunContext! This warning can be ignored when running in bare mode.
2026-06-06 08:42:12.752 WARNING streamlit.runtime.scriptrunner_utils.script_run_context: Thread 'MainThread': missing ScriptRunContext! This warning can be ignored when running in bare mode.
2026-06-06 08:42:12.753 WARNING streamlit.runtime.scriptrunner_utils.script_run_context: Thread 'MainThread': missing ScriptRunContext! This warning can be ignored when running in bare mode.
2026-06-06 08:42:12.753 WARNING streamlit.runtime.scriptrunner_utils.script_run_context: Thread 'MainThread': missing ScriptRunContext! This warning can be ignored when running in bare mode.
2026-06-06 08:42:12.753 WARNING streamlit.runtime.scriptrunner_utils.script_run_context: Thread 'MainThread': missing ScriptRunContext! This warning can be ignored when running in bare mode.
2026-06-06 08:42:12.753 WARNING streamlit.runtime.scriptrunner_utils.script_run_context: Thread 'MainThread': missing ScriptRunContext! This warning can be ignored when running in bare mode.
2026-06-06 08:42:12.754 WARNING streamlit.runtime.scriptrunner_utils.script_run_context: Thread 'MainThread': missing ScriptRunContext! This warning can be ignored when running in bare mode.
2026-06-06 08:42:12.754 WARNING streamlit.runtime.scriptrunner_utils.script_run_context: Thread 'MainThread': missing ScriptRunContext! This warning can be ignored when running in bare mode.
2026-06-06 08:42:12.754 WARNING streamlit.runtime.scriptrunner_utils.script_run_context: Thread 'MainThread': missing ScriptRunContext! This warning can be ignored when running in bare mode.
2026-06-06 08:42:12.754 WARNING streamlit.runtime.scriptrunner_utils.script_run_context: Thread 'MainThread': missing ScriptRunContext! This warning can be ignored when running in bare mode.
2026-06-06 08:42:12.754 WARNING streamlit.runtime.scriptrunner_utils.script_run_context: Thread 'MainThread': missing ScriptRunContext! This warning can be ignored when running in bare mode.
2026-06-06 08:42:12.756 WARNING streamlit.runtime.scriptrunner_utils.script_run_context: Thread 'MainThread': missing ScriptRunContext! This warning can be ignored when running in bare mode.
2026-06-06 08:42:12.756 WARNING streamlit.runtime.scriptrunner_utils.script_run_context: Thread 'MainThread': missing ScriptRunContext! This warning can be ignored when running in bare mode.
2026-06-06 08:42:12.756 WARNING streamlit.runtime.scriptrunner_utils.script_run_context: Thread 'MainThread': missing ScriptRunContext! This warning can be ignored when running in bare mode.
2026-06-06 08:42:12.756 WARNING streamlit.runtime.scriptrunner_utils.script_run_context: Thread 'MainThread': missing ScriptRunContext! This warning can be ignored when running in bare mode.
2026-06-06 08:42:12.756 WARNING streamlit.runtime.scriptrunner_utils.script_run_context: Thread 'MainThread': missing ScriptRunContext! This warning can be ignored when running in bare mode.
2026-06-06 08:42:12.756 WARNING streamlit.runtime.scriptrunner_utils.script_run_context: Thread 'MainThread': missing ScriptRunContext! This warning can be ignored when running in bare mode.
2026-06-06 08:42:12.757 WARNING streamlit.runtime.scriptrunner_utils.script_run_context: Thread 'MainThread': missing ScriptRunContext! This warning can be ignored when running in bare mode.
2026-06-06 08:42:12.757 WARNING streamlit.runtime.scriptrunner_utils.script_run_context: Thread 'MainThread': missing ScriptRunContext! This warning can be ignored when running in bare mode.
2026-06-06 08:42:12.757 WARNING streamlit.runtime.scriptrunner_utils.script_run_context: Thread 'MainThread': missing ScriptRunContext! This warning can be ignored when running in bare mode.
2026-06-06 08:42:12.757 WARNING streamlit.runtime.scriptrunner_utils.script_run_context: Thread 'MainThread': missing ScriptRunContext! This warning can be ignored when running in bare mode.
2026-06-06 08:42:12.758 WARNING streamlit.runtime.scriptrunner_utils.script_run_context: Thread 'MainThread': missing ScriptRunContext! This warning can be ignored when running in bare mode.
2026-06-06 08:42:12.758 WARNING streamlit.runtime.scriptrunner_utils.script_run_context: Thread 'MainThread': missing ScriptRunContext! This warning can be ignored when running in bare mode.
2026-06-06 08:42:12.758 Thread 'MainThread': missing ScriptRunContext! This warning can be ignored when running in bare mode.
2026-06-06 08:42:12.759 WARNING streamlit.runtime.scriptrunner_utils.script_run_context: Thread 'MainThread': missing ScriptRunContext! This warning can be ignored when running in bare mode.
2026-06-06 08:42:12.759 WARNING streamlit.runtime.scriptrunner_utils.script_run_context: Thread 'MainThread': missing ScriptRunContext! This warning can be ignored when running in bare mode.
2026-06-06 08:42:12.759 WARNING streamlit.runtime.scriptrunner_utils.script_run_context: Thread 'MainThread': missing ScriptRunContext! This warning can be ignored when running in bare mode.
2026-06-06 08:42:12.759 Thread 'MainThread': missing ScriptRunContext! This warning can be ignored when running in bare mode.
2026-06-06 08:42:12.759 WARNING streamlit.runtime.scriptrunner_utils.script_run_context: Thread 'MainThread': missing ScriptRunContext! This warning can be ignored when running in bare mode.
2026-06-06 08:42:12.759 WARNING streamlit.runtime.scriptrunner_utils.script_run_context: Thread 'MainThread': missing ScriptRunContext! This warning can be ignored when running in bare mode.
2026-06-06 08:42:12.760 Thread 'MainThread': missing ScriptRunContext! This warning can be ignored when running in bare mode.
2026-06-06 08:42:12.760 WARNING streamlit.runtime.scriptrunner_utils.script_run_context: Thread 'MainThread': missing ScriptRunContext! This warning can be ignored when running in bare mode.
2026-06-06 08:42:12.760 Thread 'MainThread': missing ScriptRunContext! This warning can be ignored when running in bare mode.
2026-06-06 08:42:12.760 WARNING streamlit.runtime.scriptrunner_utils.script_run_context: Thread 'MainThread': missing ScriptRunContext! This warning can be ignored when running in bare mode.
2026-06-06 08:42:12.761 Thread 'MainThread': missing ScriptRunContext! This warning can be ignored when running in bare mode.
2026-06-06 08:42:12.761 WARNING streamlit.runtime.scriptrunner_utils.script_run_context: Thread 'MainThread': missing ScriptRunContext! This warning can be ignored when running in bare mode.
2026-06-06 08:42:12.761 Thread 'MainThread': missing ScriptRunContext! This warning can be ignored when running in bare mode.
2026-06-06 08:42:12.762 WARNING streamlit.runtime.scriptrunner_utils.script_run_context: Thread 'MainThread': missing ScriptRunContext! This warning can be ignored when running in bare mode.
2026-06-06 08:42:12.762 WARNING streamlit.runtime.scriptrunner_utils.script_run_context: Thread 'MainThread': missing ScriptRunContext! This warning can be ignored when running in bare mode.
2026-06-06 08:42:12.763 WARNING streamlit.runtime.scriptrunner_utils.script_run_context: Thread 'MainThread': missing ScriptRunContext! This warning can be ignored when running in bare mode.
2026-06-06 08:42:12.763 WARNING streamlit.runtime.scriptrunner_utils.script_run_context: Thread 'MainThread': missing ScriptRunContext! This warning can be ignored when running in bare mode.
2026-06-06 08:42:12.763 WARNING streamlit.runtime.scriptrunner_utils.script_run_context: Thread 'MainThread': missing ScriptRunContext! This warning can be ignored when running in bare mode.
2026-06-06 08:42:12.764 Thread 'MainThread': missing ScriptRunContext! This warning can be ignored when running in bare mode.
2026-06-06 08:42:12.764 WARNING streamlit.runtime.scriptrunner_utils.script_run_context: Thread 'MainThread': missing ScriptRunContext! This warning can be ignored when running in bare mode.
2026-06-06 08:42:12.764 Thread 'MainThread': missing ScriptRunContext! This warning can be ignored when running in bare mode.
2026-06-06 08:42:12.764 WARNING streamlit.runtime.scriptrunner_utils.script_run_context: Thread 'MainThread': missing ScriptRunContext! This warning can be ignored when running in bare mode.
2026-06-06 08:42:12.765 Thread 'MainThread': missing ScriptRunContext! This warning can be ignored when running in bare mode.
2026-06-06 08:42:12.765 WARNING streamlit.runtime.scriptrunner_utils.script_run_context: Thread 'MainThread': missing ScriptRunContext! This warning can be ignored when running in bare mode.
2026-06-06 08:42:12.765 WARNING streamlit.runtime.scriptrunner_utils.script_run_context: Thread 'MainThread': missing ScriptRunContext! This warning can be ignored when running in bare mode.
2026-06-06 08:42:12.766 WARNING streamlit.runtime.scriptrunner_utils.script_run_context: Thread 'MainThread': missing ScriptRunContext! This warning can be ignored when running in bare mode.
2026-06-06 08:42:12.766 WARNING streamlit.runtime.scriptrunner_utils.script_run_context: Thread 'MainThread': missing ScriptRunContext! This warning can be ignored when running in bare mode.
2026-06-06 08:42:12.766 WARNING streamlit.runtime.scriptrunner_utils.script_run_context: Thread 'MainThread': missing ScriptRunContext! This warning can be ignored when running in bare mode.
2026-06-06 08:42:12.766 WARNING streamlit.runtime.scriptrunner_utils.script_run_context: Thread 'MainThread': missing ScriptRunContext! This warning can be ignored when running in bare mode.
2026-06-06 08:42:12.769 WARNING streamlit: 
  [33m[1mWarning:[0m to view a Streamlit app on a browser, use Streamlit in a file and
  run it with the following command:

    streamlit run [FILE_NAME] [ARGUMENTS]
2026-06-06 08:42:12.769 WARNING streamlit.runtime.scriptrunner_utils.script_run_context: Thread 'MainThread': missing ScriptRunContext! This warning can be ignored when running in bare mode.
2026-06-06 08:42:12.769 WARNING streamlit.runtime.scriptrunner_utils.script_run_context: Thread 'MainThread': missing ScriptRunContext! This warning can be ignored when running in bare mode.
2026-06-06 08:42:12.770 WARNING streamlit.runtime.scriptrunner_utils.script_run_context: Thread 'MainThread': missing ScriptRunContext! This warning can be ignored when running in bare mode.
2026-06-06 08:42:12.770 WARNING streamlit.runtime.scriptrunner_utils.script_run_context: Thread 'MainThread': missing ScriptRunContext! This warning can be ignored when running in bare mode.
2026-06-06 08:42:12.770 WARNING streamlit.runtime.scriptrunner_utils.script_run_context: Thread 'MainThread': missing ScriptRunContext! This warning can be ignored when running in bare mode.
2026-06-06 08:42:12.771 WARNING streamlit.runtime.scriptrunner_utils.script_run_context: Thread 'MainThread': missing ScriptRunContext! This warning can be ignored when running in bare mode.
2026-06-06 08:42:12.771 Thread 'MainThread': missing ScriptRunContext! This warning can be ignored when running in bare mode.
2026-06-06 08:42:12.771 WARNING streamlit: 
  [33m[1mWarning:[0m to view a Streamlit app on a browser, use Streamlit in a file and
  run it with the following command:

    streamlit run [FILE_NAME] [ARGUMENTS]
2026-06-06 08:42:12.771 WARNING streamlit.runtime.scriptrunner_utils.script_run_context: Thread 'MainThread': missing ScriptRunContext! This warning can be ignored when running in bare mode.
2026-06-06 08:42:12.772 Thread 'MainThread': missing ScriptRunContext! This warning can be ignored when running in bare mode.
2026-06-06 08:42:12.772 WARNING streamlit.runtime.scriptrunner_utils.script_run_context: Thread 'MainThread': missing ScriptRunContext! This warning can be ignored when running in bare mode.
2026-06-06 08:42:12.772 WARNING streamlit.runtime.scriptrunner_utils.script_run_context: Thread 'MainThread': missing ScriptRunContext! This warning can be ignored when running in bare mode.
2026-06-06 08:42:12.772 Thread 'MainThread': missing ScriptRunContext! This warning can be ignored when running in bare mode.
2026-06-06 08:42:12.772 WARNING streamlit.runtime.scriptrunner_utils.script_run_context: Thread 'MainThread': missing ScriptRunContext! This warning can be ignored when running in bare mode.
2026-06-06 08:42:12.773 WARNING streamlit.runtime.scriptrunner_utils.script_run_context: Thread 'MainThread': missing ScriptRunContext! This warning can be ignored when running in bare mode.
2026-06-06 08:42:12.774 WARNING streamlit.runtime.scriptrunner_utils.script_run_context: Thread 'MainThread': missing ScriptRunContext! This warning can be ignored when running in bare mode.
2026-06-06 08:42:12.774 WARNING streamlit.runtime.scriptrunner_utils.script_run_context: Thread 'MainThread': missing ScriptRunContext! This warning can be ignored when running in bare mode.
2026-06-06 08:42:12.774 WARNING streamlit.runtime.scriptrunner_utils.script_run_context: Thread 'MainThread': missing ScriptRunContext! This warning can be ignored when running in bare mode.
2026-06-06 08:42:12.774 WARNING streamlit.runtime.scriptrunner_utils.script_run_context: Thread 'MainThread': missing ScriptRunContext! This warning can be ignored when running in bare mode.
2026-06-06 08:42:12.775 WARNING streamlit.runtime.scriptrunner_utils.script_run_context: Thread 'MainThread': missing ScriptRunContext! This warning can be ignored when running in bare mode.
2026-06-06 08:42:12.775 WARNING streamlit.runtime.scriptrunner_utils.script_run_context: Thread 'MainThread': missing ScriptRunContext! This warning can be ignored when running in bare mode.
2026-06-06 08:42:12.775 WARNING streamlit.runtime.scriptrunner_utils.script_run_context: Thread 'MainThread': missing ScriptRunContext! This warning can be ignored when running in bare mode.
2026-06-06 08:42:12.775 WARNING streamlit.runtime.scriptrunner_utils.script_run_context: Thread 'MainThread': missing ScriptRunContext! This warning can be ignored when running in bare mode.
2026-06-06 08:42:12.776 WARNING streamlit.runtime.scriptrunner_utils.script_run_context: Thread 'MainThread': missing ScriptRunContext! This warning can be ignored when running in bare mode.
2026-06-06 08:42:12.776 WARNING streamlit.runtime.scriptrunner_utils.script_run_context: Thread 'MainThread': missing ScriptRunContext! This warning can be ignored when running in bare mode.
2026-06-06 08:42:12.776 WARNING streamlit.runtime.scriptrunner_utils.script_run_context: Thread 'MainThread': missing ScriptRunContext! This warning can be ignored when running in bare mode.
2026-06-06 08:42:12.776 WARNING streamlit.runtime.scriptrunner_utils.script_run_context: Thread 'MainThread': missing ScriptRunContext! This warning can be ignored when running in bare mode.
2026-06-06 08:42:12.777 WARNING streamlit.runtime.scriptrunner_utils.script_run_context: Thread 'MainThread': missing ScriptRunContext! This warning can be ignored when running in bare mode.
2026-06-06 08:42:12.777 WARNING streamlit.runtime.scriptrunner_utils.script_run_context: Thread 'MainThread': missing ScriptRunContext! This warning can be ignored when running in bare mode.
2026-06-06 08:42:12.777 WARNING streamlit.runtime.scriptrunner_utils.script_run_context: Thread 'MainThread': missing ScriptRunContext! This warning can be ignored when running in bare mode.
2026-06-06 08:42:12.777 WARNING streamlit.runtime.scriptrunner_utils.script_run_context: Thread 'MainThread': missing ScriptRunContext! This warning can be ignored when running in bare mode.
2026-06-06 08:42:12.778 WARNING streamlit.runtime.scriptrunner_utils.script_run_context: Thread 'MainThread': missing ScriptRunContext! This warning can be ignored when running in bare mode.
2026-06-06 08:42:12.778 WARNING streamlit.runtime.scriptrunner_utils.script_run_context: Thread 'MainThread': missing ScriptRunContext! This warning can be ignored when running in bare mode.
2026-06-06 08:42:12.778 WARNING streamlit.runtime.scriptrunner_utils.script_run_context: Thread 'MainThread': missing ScriptRunContext! This warning can be ignored when running in bare mode.
2026-06-06 08:42:12.778 WARNING streamlit.runtime.scriptrunner_utils.script_run_context: Thread 'MainThread': missing ScriptRunContext! This warning can be ignored when running in bare mode.
2026-06-06 08:42:12.779 WARNING streamlit.runtime.scriptrunner_utils.script_run_context: Thread 'MainThread': missing ScriptRunContext! This warning can be ignored when running in bare mode.
2026-06-06 08:42:12.779 WARNING streamlit.runtime.scriptrunner_utils.script_run_context: Thread 'MainThread': missing ScriptRunContext! This warning can be ignored when running in bare mode.
2026-06-06 08:42:12.779 WARNING streamlit.runtime.scriptrunner_utils.script_run_context: Thread 'MainThread': missing ScriptRunContext! This warning can be ignored when running in bare mode.
2026-06-06 08:42:12.779 WARNING streamlit.runtime.scriptrunner_utils.script_run_context: Thread 'MainThread': missing ScriptRunContext! This warning can be ignored when running in bare mode.
2026-06-06 08:42:12.779 WARNING streamlit.runtime.scriptrunner_utils.script_run_context: Thread 'MainThread': missing ScriptRunContext! This warning can be ignored when running in bare mode.
2026-06-06 08:42:12.780 WARNING streamlit.runtime.scriptrunner_utils.script_run_context: Thread 'MainThread': missing ScriptRunContext! This warning can be ignored when running in bare mode.
2026-06-06 08:42:12.780 WARNING streamlit.runtime.scriptrunner_utils.script_run_context: Thread 'MainThread': missing ScriptRunContext! This warning can be ignored when running in bare mode.
2026-06-06 08:42:12.780 WARNING streamlit.runtime.scriptrunner_utils.script_run_context: Thread 'MainThread': missing ScriptRunContext! This warning can be ignored when running in bare mode.
2026-06-06 08:42:12.780 WARNING streamlit.runtime.scriptrunner_utils.script_run_context: Thread 'MainThread': missing ScriptRunContext! This warning can be ignored when running in bare mode.
2026-06-06 08:42:12.780 WARNING streamlit.runtime.scriptrunner_utils.script_run_context: Thread 'MainThread': missing ScriptRunContext! This warning can be ignored when running in bare mode.
2026-06-06 08:42:12.780 WARNING streamlit.runtime.scriptrunner_utils.script_run_context: Thread 'MainThread': missing ScriptRunContext! This warning can be ignored when running in bare mode.
2026-06-06 08:42:12.780 WARNING streamlit.runtime.scriptrunner_utils.script_run_context: Thread 'MainThread': missing ScriptRunContext! This warning can be ignored when running in bare mode.
2026-06-06 08:42:12.780 WARNING streamlit: 
  [33m[1mWarning:[0m to view a Streamlit app on a browser, use Streamlit in a file and
  run it with the following command:

    streamlit run [FILE_NAME] [ARGUMENTS]
2026-06-06 08:42:12.780 WARNING streamlit.runtime.scriptrunner_utils.script_run_context: Thread 'MainThread': missing ScriptRunContext! This warning can be ignored when running in bare mode.
2026-06-06 08:42:12.781 WARNING streamlit.runtime.scriptrunner_utils.script_run_context: Thread 'MainThread': missing ScriptRunContext! This warning can be ignored when running in bare mode.
2026-06-06 08:42:12.781 WARNING streamlit.runtime.scriptrunner_utils.script_run_context: Thread 'MainThread': missing ScriptRunContext! This warning can be ignored when running in bare mode.
2026-06-06 08:42:12.781 WARNING streamlit.runtime.scriptrunner_utils.script_run_context: Thread 'MainThread': missing ScriptRunContext! This warning can be ignored when running in bare mode.
2026-06-06 08:42:12.781 WARNING streamlit.runtime.scriptrunner_utils.script_run_context: Thread 'MainThread': missing ScriptRunContext! This warning can be ignored when running in bare mode.
2026-06-06 08:42:12.781 WARNING streamlit.runtime.scriptrunner_utils.script_run_context: Thread 'MainThread': missing ScriptRunContext! This warning can be ignored when running in bare mode.
2026-06-06 08:42:12.782 WARNING streamlit.runtime.scriptrunner_utils.script_run_context: Thread 'MainThread': missing ScriptRunContext! This warning can be ignored when running in bare mode.
2026-06-06 08:42:12.782 WARNING streamlit.runtime.scriptrunner_utils.script_run_context: Thread 'MainThread': missing ScriptRunContext! This warning can be ignored when running in bare mode.
2026-06-06 08:42:12.782 WARNING streamlit.runtime.scriptrunner_utils.script_run_context: Thread 'MainThread': missing ScriptRunContext! This warning can be ignored when running in bare mode.
2026-06-06 08:42:12.782 WARNING streamlit.runtime.scriptrunner_utils.script_run_context: Thread 'MainThread': missing ScriptRunContext! This warning can be ignored when running in bare mode.
2026-06-06 08:42:12.782 WARNING streamlit.runtime.scriptrunner_utils.script_run_context: Thread 'MainThread': missing ScriptRunContext! This warning can be ignored when running in bare mode.
2026-06-06 08:42:12.782 WARNING streamlit: 
  [33m[1mWarning:[0m to view a Streamlit app on a browser, use Streamlit in a file and
  run it with the following command:

    streamlit run [FILE_NAME] [ARGUMENTS]
2026-06-06 08:42:12.782 WARNING streamlit.runtime.scriptrunner_utils.script_run_context: Thread 'MainThread': missing ScriptRunContext! This warning can be ignored when running in bare mode.
2026-06-06 08:42:12.782 WARNING streamlit.runtime.scriptrunner_utils.script_run_context: Thread 'MainThread': missing ScriptRunContext! This warning can be ignored when running in bare mode.
2026-06-06 08:42:12.782 WARNING streamlit.runtime.scriptrunner_utils.script_run_context: Thread 'MainThread': missing ScriptRunContext! This warning can be ignored when running in bare mode.
2026-06-06 08:42:12.782 WARNING streamlit.runtime.scriptrunner_utils.script_run_context: Thread 'MainThread': missing ScriptRunContext! This warning can be ignored when running in bare mode.
2026-06-06 08:42:12.784 WARNING streamlit.runtime.scriptrunner_utils.script_run_context: Thread 'MainThread': missing ScriptRunContext! This warning can be ignored when running in bare mode.
2026-06-06 08:42:12.784 WARNING streamlit.runtime.scriptrunner_utils.script_run_context: Thread 'MainThread': missing ScriptRunContext! This warning can be ignored when running in bare mode.
2026-06-06 08:42:12.782 WARNING streamlit.runtime.scriptrunner_utils.script_run_context: Thread 'MainThread': missing ScriptRunContext! This warning can be ignored when running in bare mode.
2026-06-06 08:42:12.784 WARNING streamlit.runtime.scriptrunner_utils.script_run_context: Thread 'MainThread': missing ScriptRunContext! This warning can be ignored when running in bare mode.
2026-06-06 08:42:12.784 WARNING streamlit.runtime.scriptrunner_utils.script_run_context: Thread 'MainThread': missing ScriptRunContext! This warning can be ignored when running in bare mode.
2026-06-06 08:42:12.784 WARNING streamlit.runtime.scriptrunner_utils.script_run_context: Thread 'MainThread': missing ScriptRunContext! This warning can be ignored when running in bare mode.
2026-06-06 08:42:12.785 WARNING streamlit.runtime.scriptrunner_utils.script_run_context: Thread 'MainThread': missing ScriptRunContext! This warning can be ignored when running in bare mode.
2026-06-06 08:42:12.785 WARNING streamlit.runtime.scriptrunner_utils.script_run_context: Thread 'MainThread': missing ScriptRunContext! This warning can be ignored when running in bare mode.
2026-06-06 08:42:12.785 WARNING streamlit.runtime.scriptrunner_utils.script_run_context: Thread 'MainThread': missing ScriptRunContext! This warning can be ignored when running in bare mode.
2026-06-06 08:42:12.785 WARNING streamlit: 
  [33m[1mWarning:[0m to view a Streamlit app on a browser, use Streamlit in a file and
  run it with the following command:

    streamlit run [FILE_NAME] [ARGUMENTS]
2026-06-06 08:42:12.785 WARNING streamlit.runtime.scriptrunner_utils.script_run_context: Thread 'MainThread': missing ScriptRunContext! This warning can be ignored when running in bare mode.
2026-06-06 08:42:12.785 WARNING streamlit.runtime.scriptrunner_utils.script_run_context: Thread 'MainThread': missing ScriptRunContext! This warning can be ignored when running in bare mode.
2026-06-06 08:42:12.786 WARNING streamlit.runtime.scriptrunner_utils.script_run_context: Thread 'MainThread': missing ScriptRunContext! This warning can be ignored when running in bare mode.
2026-06-06 08:42:12.786 WARNING streamlit.runtime.scriptrunner_utils.script_run_context: Thread 'MainThread': missing ScriptRunContext! This warning can be ignored when running in bare mode.
2026-06-06 08:42:12.786 WARNING streamlit.runtime.scriptrunner_utils.script_run_context: Thread 'MainThread': missing ScriptRunContext! This warning can be ignored when running in bare mode.
2026-06-06 08:42:12.787 WARNING streamlit.runtime.scriptrunner_utils.script_run_context: Thread 'MainThread': missing ScriptRunContext! This warning can be ignored when running in bare mode.
2026-06-06 08:42:12.786 WARNING streamlit.runtime.scriptrunner_utils.script_run_context: Thread 'MainThread': missing ScriptRunContext! This warning can be ignored when running in bare mode.
2026-06-06 08:42:12.787 WARNING streamlit.runtime.scriptrunner_utils.script_run_context: Thread 'MainThread': missing ScriptRunContext! This warning can be ignored when running in bare mode.
2026-06-06 08:42:12.786 WARNING streamlit.runtime.scriptrunner_utils.script_run_context: Thread 'MainThread': missing ScriptRunContext! This warning can be ignored when running in bare mode.
2026-06-06 08:42:12.787 WARNING streamlit.runtime.scriptrunner_utils.script_run_context: Thread 'MainThread': missing ScriptRunContext! This warning can be ignored when running in bare mode.
2026-06-06 08:42:12.787 WARNING streamlit.runtime.scriptrunner_utils.script_run_context: Thread 'MainThread': missing ScriptRunContext! This warning can be ignored when running in bare mode.
2026-06-06 08:42:12.789 WARNING streamlit.runtime.scriptrunner_utils.script_run_context: Thread 'MainThread': missing ScriptRunContext! This warning can be ignored when running in bare mode.
2026-06-06 08:42:12.788 WARNING streamlit.runtime.scriptrunner_utils.script_run_context: Thread 'MainThread': missing ScriptRunContext! This warning can be ignored when running in bare mode.
2026-06-06 08:42:12.788 WARNING streamlit.runtime.scriptrunner_utils.script_run_context: Thread 'MainThread': missing ScriptRunContext! This warning can be ignored when running in bare mode.
2026-06-06 08:42:12.788 WARNING streamlit.runtime.scriptrunner_utils.script_run_context: Thread 'MainThread': missing ScriptRunContext! This warning can be ignored when running in bare mode.
2026-06-06 08:42:12.788 WARNING streamlit.runtime.scriptrunner_utils.script_run_context: Thread 'MainThread': missing ScriptRunContext! This warning can be ignored when running in bare mode.
2026-06-06 08:42:12.787 WARNING streamlit: 
  [33m[1mWarning:[0m to view a Streamlit app on a browser, use Streamlit in a file and
  run it with the following command:

    streamlit run [FILE_NAME] [ARGUMENTS]
2026-06-06 08:42:12.789 WARNING streamlit.runtime.scriptrunner_utils.script_run_context: Thread 'MainThread': missing ScriptRunContext! This warning can be ignored when running in bare mode.
2026-06-06 08:42:12.790 WARNING streamlit.runtime.scriptrunner_utils.script_run_context: Thread 'MainThread': missing ScriptRunContext! This warning can be ignored when running in bare mode.
2026-06-06 08:42:12.790 WARNING streamlit.runtime.scriptrunner_utils.script_run_context: Thread 'MainThread': missing ScriptRunContext! This warning can be ignored when running in bare mode.
2026-06-06 08:42:12.790 WARNING streamlit.runtime.scriptrunner_utils.script_run_context: Thread 'MainThread': missing ScriptRunContext! This warning can be ignored when running in bare mode.
2026-06-06 08:42:12.790 WARNING streamlit.runtime.scriptrunner_utils.script_run_context: Thread 'MainThread': missing ScriptRunContext! This warning can be ignored when running in bare mode.
2026-06-06 08:42:12.790 WARNING streamlit.runtime.scriptrunner_utils.script_run_context: Thread 'MainThread': missing ScriptRunContext! This warning can be ignored when running in bare mode.
2026-06-06 08:42:12.790 WARNING streamlit.runtime.scriptrunner_utils.script_run_context: Thread 'MainThread': missing ScriptRunContext! This warning can be ignored when running in bare mode.
2026-06-06 08:42:12.790 WARNING streamlit.runtime.scriptrunner_utils.script_run_context: Thread 'MainThread': missing ScriptRunContext! This warning can be ignored when running in bare mode.
2026-06-06 08:42:12.792 WARNING streamlit.runtime.scriptrunner_utils.script_run_context: Thread 'MainThread': missing ScriptRunContext! This warning can be ignored when running in bare mode.
2026-06-06 08:42:12.792 WARNING streamlit.runtime.scriptrunner_utils.script_run_context: Thread 'MainThread': missing ScriptRunContext! This warning can be ignored when running in bare mode.
2026-06-06 08:42:12.792 WARNING streamlit.runtime.scriptrunner_utils.script_run_context: Thread 'MainThread': missing ScriptRunContext! This warning can be ignored when running in bare mode.
2026-06-06 08:42:12.792 WARNING streamlit.runtime.scriptrunner_utils.script_run_context: Thread 'MainThread': missing ScriptRunContext! This warning can be ignored when running in bare mode.
2026-06-06 08:42:12.792 WARNING streamlit.runtime.scriptrunner_utils.script_run_context: Thread 'MainThread': missing ScriptRunContext! This warning can be ignored when running in bare mode.
2026-06-06 08:42:12.792 WARNING streamlit.runtime.scriptrunner_utils.script_run_context: Thread 'MainThread': missing ScriptRunContext! This warning can be ignored when running in bare mode.
2026-06-06 08:42:12.793 WARNING streamlit.runtime.scriptrunner_utils.script_run_context: Thread 'MainThread': missing ScriptRunContext! This warning can be ignored when running in bare mode.
2026-06-06 08:42:12.793 WARNING streamlit.runtime.scriptrunner_utils.script_run_context: Thread 'MainThread': missing ScriptRunContext! This warning can be ignored when running in bare mode.
2026-06-06 08:42:12.793 WARNING streamlit.runtime.scriptrunner_utils.script_run_context: Thread 'MainThread': missing ScriptRunContext! This warning can be ignored when running in bare mode.
2026-06-06 08:42:12.793 WARNING streamlit.runtime.scriptrunner_utils.script_run_context: Thread 'MainThread': missing ScriptRunContext! This warning can be ignored when running in bare mode.
2026-06-06 08:42:12.793 WARNING streamlit.runtime.scriptrunner_utils.script_run_context: Thread 'MainThread': missing ScriptRunContext! This warning can be ignored when running in bare mode.
2026-06-06 08:42:12.793 WARNING streamlit.runtime.scriptrunner_utils.script_run_context: Thread 'MainThread': missing ScriptRunContext! This warning can be ignored when running in bare mode.
2026-06-06 08:42:12.794 WARNING streamlit: 
  [33m[1mWarning:[0m to view a Streamlit app on a browser, use Streamlit in a file and
  run it with the following command:

    streamlit run [FILE_NAME] [ARGUMENTS]
2026-06-06 08:42:12.795 WARNING streamlit.runtime.scriptrunner_utils.script_run_context: Thread 'MainThread': missing ScriptRunContext! This warning can be ignored when running in bare mode.
2026-06-06 08:42:12.794 WARNING streamlit.runtime.scriptrunner_utils.script_run_context: Thread 'MainThread': missing ScriptRunContext! This warning can be ignored when running in bare mode.
2026-06-06 08:42:12.794 WARNING streamlit: 
  [33m[1mWarning:[0m to view a Streamlit app on a browser, use Streamlit in a file and
  run it with the following command:

    streamlit run [FILE_NAME] [ARGUMENTS]
2026-06-06 08:42:12.795 WARNING streamlit.runtime.scriptrunner_utils.script_run_context: Thread 'MainThread': missing ScriptRunContext! This warning can be ignored when running in bare mode.
2026-06-06 08:42:12.794 WARNING streamlit.runtime.scriptrunner_utils.script_run_context: Thread 'MainThread': missing ScriptRunContext! This warning can be ignored when running in bare mode.
2026-06-06 08:42:12.795 WARNING streamlit.runtime.scriptrunner_utils.script_run_context: Thread 'MainThread': missing ScriptRunContext! This warning can be ignored when running in bare mode.
2026-06-06 08:42:12.797 WARNING streamlit.runtime.scriptrunner_utils.script_run_context: Thread 'MainThread': missing ScriptRunContext! This warning can be ignored when running in bare mode.
2026-06-06 08:42:12.795 WARNING streamlit.runtime.scriptrunner_utils.script_run_context: Thread 'MainThread': missing ScriptRunContext! This warning can be ignored when running in bare mode.
2026-06-06 08:42:12.795 WARNING streamlit.runtime.scriptrunner_utils.script_run_context: Thread 'MainThread': missing ScriptRunContext! This warning can be ignored when running in bare mode.
2026-06-06 08:42:12.794 WARNING streamlit.runtime.scriptrunner_utils.script_run_context: Thread 'MainThread': missing ScriptRunContext! This warning can be ignored when running in bare mode.
2026-06-06 08:42:12.795 WARNING streamlit.runtime.scriptrunner_utils.script_run_context: Thread 'MainThread': missing ScriptRunContext! This warning can be ignored when running in bare mode.
2026-06-06 08:42:12.798 WARNING streamlit.runtime.scriptrunner_utils.script_run_context: Thread 'MainThread': missing ScriptRunContext! This warning can be ignored when running in bare mode.
2026-06-06 08:42:12.794 WARNING streamlit.runtime.scriptrunner_utils.script_run_context: Thread 'MainThread': missing ScriptRunContext! This warning can be ignored when running in bare mode.
2026-06-06 08:42:12.797 WARNING streamlit.runtime.scriptrunner_utils.script_run_context: Thread 'MainThread': missing ScriptRunContext! This warning can be ignored when running in bare mode.
2026-06-06 08:42:12.797 WARNING streamlit.runtime.scriptrunner_utils.script_run_context: Thread 'MainThread': missing ScriptRunContext! This warning can be ignored when running in bare mode.
2026-06-06 08:42:12.797 WARNING streamlit.runtime.scriptrunner_utils.script_run_context: Thread 'MainThread': missing ScriptRunContext! This warning can be ignored when running in bare mode.
2026-06-06 08:42:12.797 WARNING streamlit.runtime.scriptrunner_utils.script_run_context: Thread 'MainThread': missing ScriptRunContext! This warning can be ignored when running in bare mode.
2026-06-06 08:42:12.797 WARNING streamlit.runtime.scriptrunner_utils.script_run_context: Thread 'MainThread': missing ScriptRunContext! This warning can be ignored when running in bare mode.
2026-06-06 08:42:12.798 WARNING streamlit.runtime.scriptrunner_utils.script_run_context: Thread 'MainThread': missing ScriptRunContext! This warning can be ignored when running in bare mode.
2026-06-06 08:42:12.798 WARNING streamlit.runtime.scriptrunner_utils.script_run_context: Thread 'MainThread': missing ScriptRunContext! This warning can be ignored when running in bare mode.
2026-06-06 08:42:12.798 WARNING streamlit.runtime.scriptrunner_utils.script_run_context: Thread 'MainThread': missing ScriptRunContext! This warning can be ignored when running in bare mode.
2026-06-06 08:42:12.798 WARNING streamlit.runtime.scriptrunner_utils.script_run_context: Thread 'MainThread': missing ScriptRunContext! This warning can be ignored when running in bare mode.
2026-06-06 08:42:12.799 WARNING streamlit.runtime.scriptrunner_utils.script_run_context: Thread 'MainThread': missing ScriptRunContext! This warning can be ignored when running in bare mode.
2026-06-06 08:42:12.799 WARNING streamlit.runtime.scriptrunner_utils.script_run_context: Thread 'MainThread': missing ScriptRunContext! This warning can be ignored when running in bare mode.
2026-06-06 08:42:12.799 WARNING streamlit.runtime.scriptrunner_utils.script_run_context: Thread 'MainThread': missing ScriptRunContext! This warning can be ignored when running in bare mode.
2026-06-06 08:42:12.800 WARNING streamlit.runtime.scriptrunner_utils.script_run_context: Thread 'MainThread': missing ScriptRunContext! This warning can be ignored when running in bare mode.
2026-06-06 08:42:12.800 WARNING streamlit.runtime.scriptrunner_utils.script_run_context: Thread 'MainThread': missing ScriptRunContext! This warning can be ignored when running in bare mode.
2026-06-06 08:42:12.800 WARNING streamlit.runtime.scriptrunner_utils.script_run_context: Thread 'MainThread': missing ScriptRunContext! This warning can be ignored when running in bare mode.
2026-06-06 08:42:12.800 WARNING streamlit.runtime.scriptrunner_utils.script_run_context: Thread 'MainThread': missing ScriptRunContext! This warning can be ignored when running in bare mode.
2026-06-06 08:42:12.800 WARNING streamlit.runtime.scriptrunner_utils.script_run_context: Thread 'MainThread': missing ScriptRunContext! This warning can be ignored when running in bare mode.
2026-06-06 08:42:12.799 WARNING streamlit.runtime.scriptrunner_utils.script_run_context: Thread 'MainThread': missing ScriptRunContext! This warning can be ignored when running in bare mode.
2026-06-06 08:42:12.800 WARNING streamlit.runtime.scriptrunner_utils.script_run_context: Thread 'MainThread': missing ScriptRunContext! This warning can be ignored when running in bare mode.
2026-06-06 08:42:12.800 WARNING streamlit.runtime.scriptrunner_utils.script_run_context: Thread 'MainThread': missing ScriptRunContext! This warning can be ignored when running in bare mode.
2026-06-06 08:42:12.801 WARNING streamlit.runtime.scriptrunner_utils.script_run_context: Thread 'MainThread': missing ScriptRunContext! This warning can be ignored when running in bare mode.
2026-06-06 08:42:12.801 WARNING streamlit.runtime.scriptrunner_utils.script_run_context: Thread 'MainThread': missing ScriptRunContext! This warning can be ignored when running in bare mode.
2026-06-06 08:42:12.801 Thread 'MainThread': missing ScriptRunContext! This warning can be ignored when running in bare mode.
2026-06-06 08:42:12.801 WARNING streamlit.runtime.scriptrunner_utils.script_run_context: Thread 'MainThread': missing ScriptRunContext! This warning can be ignored when running in bare mode.
2026-06-06 08:42:12.801 WARNING streamlit.runtime.scriptrunner_utils.script_run_context: Thread 'MainThread': missing ScriptRunContext! This warning can be ignored when running in bare mode.
2026-06-06 08:42:12.801 WARNING streamlit.runtime.scriptrunner_utils.script_run_context: Thread 'MainThread': missing ScriptRunContext! This warning can be ignored when running in bare mode.
2026-06-06 08:42:12.802 WARNING streamlit.runtime.scriptrunner_utils.script_run_context: Thread 'MainThread': missing ScriptRunContext! This warning can be ignored when running in bare mode.
2026-06-06 08:42:12.802 WARNING streamlit.runtime.scriptrunner_utils.script_run_context: Thread 'MainThread': missing ScriptRunContext! This warning can be ignored when running in bare mode.
2026-06-06 08:42:12.802 WARNING streamlit.runtime.scriptrunner_utils.script_run_context: Thread 'MainThread': missing ScriptRunContext! This warning can be ignored when running in bare mode.
2026-06-06 08:42:12.802 WARNING streamlit.runtime.scriptrunner_utils.script_run_context: Thread 'MainThread': missing ScriptRunContext! This warning can be ignored when running in bare mode.
2026-06-06 08:42:12.802 Thread 'MainThread': missing ScriptRunContext! This warning can be ignored when running in bare mode.
2026-06-06 08:42:12.803 WARNING streamlit.runtime.scriptrunner_utils.script_run_context: Thread 'MainThread': missing ScriptRunContext! This warning can be ignored when running in bare mode.
2026-06-06 08:42:12.803 WARNING streamlit.runtime.scriptrunner_utils.script_run_context: Thread 'MainThread': missing ScriptRunContext! This warning can be ignored when running in bare mode.
2026-06-06 08:42:12.803 WARNING streamlit.runtime.scriptrunner_utils.script_run_context: Thread 'MainThread': missing ScriptRunContext! This warning can be ignored when running in bare mode.
2026-06-06 08:42:12.803 WARNING streamlit.runtime.scriptrunner_utils.script_run_context: Thread 'MainThread': missing ScriptRunContext! This warning can be ignored when running in bare mode.
2026-06-06 08:42:12.805 WARNING streamlit.runtime.scriptrunner_utils.script_run_context: Thread 'MainThread': missing ScriptRunContext! This warning can be ignored when running in bare mode.
2026-06-06 08:42:12.806 WARNING streamlit.runtime.scriptrunner_utils.script_run_context: Thread 'MainThread': missing ScriptRunContext! This warning can be ignored when running in bare mode.
2026-06-06 08:42:12.803 WARNING streamlit.runtime.scriptrunner_utils.script_run_context: Thread 'MainThread': missing ScriptRunContext! This warning can be ignored when running in bare mode.
2026-06-06 08:42:12.805 Thread 'MainThread': missing ScriptRunContext! This warning can be ignored when running in bare mode.
2026-06-06 08:42:12.805 WARNING streamlit.runtime.scriptrunner_utils.script_run_context: Thread 'MainThread': missing ScriptRunContext! This warning can be ignored when running in bare mode.
2026-06-06 08:42:12.805 WARNING streamlit.runtime.scriptrunner_utils.script_run_context: Thread 'MainThread': missing ScriptRunContext! This warning can be ignored when running in bare mode.
2026-06-06 08:42:12.803 WARNING streamlit.runtime.scriptrunner_utils.script_run_context: Thread 'MainThread': missing ScriptRunContext! This warning can be ignored when running in bare mode.
2026-06-06 08:42:12.803 WARNING streamlit.runtime.scriptrunner_utils.script_run_context: Thread 'MainThread': missing ScriptRunContext! This warning can be ignored when running in bare mode.
2026-06-06 08:42:12.806 WARNING streamlit.runtime.scriptrunner_utils.script_run_context: Thread 'MainThread': missing ScriptRunContext! This warning can be ignored when running in bare mode.
2026-06-06 08:42:12.806 WARNING streamlit.runtime.scriptrunner_utils.script_run_context: Thread 'MainThread': missing ScriptRunContext! This warning can be ignored when running in bare mode.
2026-06-06 08:42:12.806 WARNING streamlit.runtime.scriptrunner_utils.script_run_context: Thread 'MainThread': missing ScriptRunContext! This warning can be ignored when running in bare mode.
2026-06-06 08:42:12.806 WARNING streamlit.runtime.scriptrunner_utils.script_run_context: Thread 'MainThread': missing ScriptRunContext! This warning can be ignored when running in bare mode.
2026-06-06 08:42:12.807 WARNING streamlit.runtime.scriptrunner_utils.script_run_context: Thread 'MainThread': missing ScriptRunContext! This warning can be ignored when running in bare mode.
2026-06-06 08:42:12.808 WARNING streamlit.runtime.scriptrunner_utils.script_run_context: Thread 'MainThread': missing ScriptRunContext! This warning can be ignored when running in bare mode.
2026-06-06 08:42:12.809 WARNING streamlit.runtime.scriptrunner_utils.script_run_context: Thread 'MainThread': missing ScriptRunContext! This warning can be ignored when running in bare mode.
2026-06-06 08:42:12.807 WARNING streamlit.runtime.scriptrunner_utils.script_run_context: Thread 'MainThread': missing ScriptRunContext! This warning can be ignored when running in bare mode.
2026-06-06 08:42:12.807 WARNING streamlit.runtime.scriptrunner_utils.script_run_context: Thread 'MainThread': missing ScriptRunContext! This warning can be ignored when running in bare mode.
2026-06-06 08:42:12.808 WARNING streamlit.runtime.scriptrunner_utils.script_run_context: Thread 'MainThread': missing ScriptRunContext! This warning can be ignored when running in bare mode.
2026-06-06 08:42:12.807 WARNING streamlit.runtime.scriptrunner_utils.script_run_context: Thread 'MainThread': missing ScriptRunContext! This warning can be ignored when running in bare mode.
2026-06-06 08:42:12.807 WARNING streamlit.runtime.scriptrunner_utils.script_run_context: Thread 'MainThread': missing ScriptRunContext! This warning can be ignored when running in bare mode.
2026-06-06 08:42:12.809 WARNING streamlit.runtime.scriptrunner_utils.script_run_context: Thread 'MainThread': missing ScriptRunContext! This warning can be ignored when running in bare mode.
2026-06-06 08:42:12.809 WARNING streamlit.runtime.scriptrunner_utils.script_run_context: Thread 'MainThread': missing ScriptRunContext! This warning can be ignored when running in bare mode.
2026-06-06 08:42:12.809 WARNING streamlit.runtime.scriptrunner_utils.script_run_context: Thread 'MainThread': missing ScriptRunContext! This warning can be ignored when running in bare mode.
2026-06-06 08:42:12.809 WARNING streamlit.runtime.scriptrunner_utils.script_run_context: Thread 'MainThread': missing ScriptRunContext! This warning can be ignored when running in bare mode.
2026-06-06 08:42:12.810 WARNING streamlit.runtime.scriptrunner_utils.script_run_context: Thread 'MainThread': missing ScriptRunContext! This warning can be ignored when running in bare mode.
2026-06-06 08:42:12.810 WARNING streamlit.runtime.scriptrunner_utils.script_run_context: Thread 'MainThread': missing ScriptRunContext! This warning can be ignored when running in bare mode.
2026-06-06 08:42:12.810 WARNING streamlit.runtime.scriptrunner_utils.script_run_context: Thread 'MainThread': missing ScriptRunContext! This warning can be ignored when running in bare mode.
2026-06-06 08:42:12.810 WARNING streamlit.runtime.scriptrunner_utils.script_run_context: Thread 'MainThread': missing ScriptRunContext! This warning can be ignored when running in bare mode.
2026-06-06 08:42:12.810 WARNING streamlit.runtime.scriptrunner_utils.script_run_context: Thread 'MainThread': missing ScriptRunContext! This warning can be ignored when running in bare mode.
2026-06-06 08:42:12.810 WARNING streamlit.runtime.scriptrunner_utils.script_run_context: Thread 'MainThread': missing ScriptRunContext! This warning can be ignored when running in bare mode.
2026-06-06 08:42:12.810 WARNING streamlit.runtime.scriptrunner_utils.script_run_context: Thread 'MainThread': missing ScriptRunContext! This warning can be ignored when running in bare mode.
2026-06-06 08:42:12.811 WARNING streamlit.runtime.scriptrunner_utils.script_run_context: Thread 'MainThread': missing ScriptRunContext! This warning can be ignored when running in bare mode.
2026-06-06 08:42:12.811 WARNING streamlit.runtime.scriptrunner_utils.script_run_context: Thread 'MainThread': missing ScriptRunContext! This warning can be ignored when running in bare mode.
2026-06-06 08:42:12.811 WARNING streamlit.runtime.scriptrunner_utils.script_run_context: Thread 'MainThread': missing ScriptRunContext! This warning can be ignored when running in bare mode.
2026-06-06 08:42:12.811 WARNING streamlit.runtime.scriptrunner_utils.script_run_context: Thread 'MainThread': missing ScriptRunContext! This warning can be ignored when running in bare mode.
2026-06-06 08:42:12.811 WARNING streamlit.runtime.scriptrunner_utils.script_run_context: Thread 'MainThread': missing ScriptRunContext! This warning can be ignored when running in bare mode.
2026-06-06 08:42:12.812 WARNING streamlit.runtime.scriptrunner_utils.script_run_context: Thread 'MainThread': missing ScriptRunContext! This warning can be ignored when running in bare mode.
2026-06-06 08:42:12.812 WARNING streamlit.runtime.scriptrunner_utils.script_run_context: Thread 'MainThread': missing ScriptRunContext! This warning can be ignored when running in bare mode.
2026-06-06 08:42:12.812 WARNING streamlit.runtime.scriptrunner_utils.script_run_context: Thread 'MainThread': missing ScriptRunContext! This warning can be ignored when running in bare mode.
2026-06-06 08:42:12.812 WARNING streamlit.runtime.scriptrunner_utils.script_run_context: Thread 'MainThread': missing ScriptRunContext! This warning can be ignored when running in bare mode.
2026-06-06 08:42:12.812 WARNING streamlit.runtime.scriptrunner_utils.script_run_context: Thread 'MainThread': missing ScriptRunContext! This warning can be ignored when running in bare mode.
2026-06-06 08:42:12.812 WARNING streamlit.runtime.scriptrunner_utils.script_run_context: Thread 'MainThread': missing ScriptRunContext! This warning can be ignored when running in bare mode.
2026-06-06 08:42:12.813 WARNING streamlit.runtime.scriptrunner_utils.script_run_context: Thread 'MainThread': missing ScriptRunContext! This warning can be ignored when running in bare mode.
2026-06-06 08:42:12.813 WARNING streamlit.runtime.scriptrunner_utils.script_run_context: Thread 'MainThread': missing ScriptRunContext! This warning can be ignored when running in bare mode.
2026-06-06 08:42:12.813 WARNING streamlit.runtime.scriptrunner_utils.script_run_context: Thread 'MainThread': missing ScriptRunContext! This warning can be ignored when running in bare mode.
2026-06-06 08:42:12.813 WARNING streamlit.runtime.scriptrunner_utils.script_run_context: Thread 'MainThread': missing ScriptRunContext! This warning can be ignored when running in bare mode.
2026-06-06 08:42:12.813 Thread 'MainThread': missing ScriptRunContext! This warning can be ignored when running in bare mode.
2026-06-06 08:42:12.814 WARNING streamlit.runtime.scriptrunner_utils.script_run_context: Thread 'MainThread': missing ScriptRunContext! This warning can be ignored when running in bare mode.
2026-06-06 08:42:12.814 WARNING streamlit.runtime.scriptrunner_utils.script_run_context: Thread 'MainThread': missing ScriptRunContext! This warning can be ignored when running in bare mode.
2026-06-06 08:42:12.814 WARNING streamlit.runtime.scriptrunner_utils.script_run_context: Thread 'MainThread': missing ScriptRunContext! This warning can be ignored when running in bare mode.
2026-06-06 08:42:12.814 WARNING streamlit.runtime.scriptrunner_utils.script_run_context: Thread 'MainThread': missing ScriptRunContext! This warning can be ignored when running in bare mode.
2026-06-06 08:42:12.815 WARNING streamlit.runtime.scriptrunner_utils.script_run_context: Thread 'MainThread': missing ScriptRunContext! This warning can be ignored when running in bare mode.
2026-06-06 08:42:12.815 WARNING streamlit.runtime.scriptrunner_utils.script_run_context: Thread 'MainThread': missing ScriptRunContext! This warning can be ignored when running in bare mode.
2026-06-06 08:42:12.815 Thread 'MainThread': missing ScriptRunContext! This warning can be ignored when running in bare mode.
2026-06-06 08:42:12.815 WARNING streamlit.runtime.scriptrunner_utils.script_run_context: Thread 'MainThread': missing ScriptRunContext! This warning can be ignored when running in bare mode.
2026-06-06 08:42:12.815 WARNING streamlit.runtime.scriptrunner_utils.script_run_context: Thread 'MainThread': missing ScriptRunContext! This warning can be ignored when running in bare mode.
2026-06-06 08:42:12.814 WARNING streamlit.runtime.scriptrunner_utils.script_run_context: Thread 'MainThread': missing ScriptRunContext! This warning can be ignored when running in bare mode.
2026-06-06 08:42:12.815 WARNING streamlit.runtime.scriptrunner_utils.script_run_context: Thread 'MainThread': missing ScriptRunContext! This warning can be ignored when running in bare mode.
2026-06-06 08:42:12.815 WARNING streamlit.runtime.scriptrunner_utils.script_run_context: Thread 'MainThread': missing ScriptRunContext! This warning can be ignored when running in bare mode.
2026-06-06 08:42:12.815 WARNING streamlit.runtime.scriptrunner_utils.script_run_context: Thread 'MainThread': missing ScriptRunContext! This warning can be ignored when running in bare mode.
2026-06-06 08:42:12.817 Thread 'MainThread': missing ScriptRunContext! This warning can be ignored when running in bare mode.
2026-06-06 08:42:12.817 WARNING streamlit.runtime.scriptrunner_utils.script_run_context: Thread 'MainThread': missing ScriptRunContext! This warning can be ignored when running in bare mode.
2026-06-06 08:42:12.817 WARNING streamlit.runtime.scriptrunner_utils.script_run_context: Thread 'MainThread': missing ScriptRunContext! This warning can be ignored when running in bare mode.
2026-06-06 08:42:12.817 WARNING streamlit.runtime.scriptrunner_utils.script_run_context: Thread 'MainThread': missing ScriptRunContext! This warning can be ignored when running in bare mode.
2026-06-06 08:42:12.817 WARNING streamlit.runtime.scriptrunner_utils.script_run_context: Thread 'MainThread': missing ScriptRunContext! This warning can be ignored when running in bare mode.
2026-06-06 08:42:12.817 WARNING streamlit.runtime.scriptrunner_utils.script_run_context: Thread 'MainThread': missing ScriptRunContext! This warning can be ignored when running in bare mode.
2026-06-06 08:42:12.818 WARNING streamlit.runtime.scriptrunner_utils.script_run_context: Thread 'MainThread': missing ScriptRunContext! This warning can be ignored when running in bare mode.
2026-06-06 08:42:12.818 WARNING streamlit.runtime.scriptrunner_utils.script_run_context: Thread 'MainThread': missing ScriptRunContext! This warning can be ignored when running in bare mode.
2026-06-06 08:42:12.818 WARNING streamlit.runtime.scriptrunner_utils.script_run_context: Thread 'MainThread': missing ScriptRunContext! This warning can be ignored when running in bare mode.
2026-06-06 08:42:12.819 WARNING streamlit.runtime.scriptrunner_utils.script_run_context: Thread 'MainThread': missing ScriptRunContext! This warning can be ignored when running in bare mode.
2026-06-06 08:42:12.819 WARNING streamlit.runtime.scriptrunner_utils.script_run_context: Thread 'MainThread': missing ScriptRunContext! This warning can be ignored when running in bare mode.
2026-06-06 08:42:12.819 WARNING streamlit.runtime.scriptrunner_utils.script_run_context: Thread 'MainThread': missing ScriptRunContext! This warning can be ignored when running in bare mode.
2026-06-06 08:42:12.819 WARNING streamlit.runtime.scriptrunner_utils.script_run_context: Thread 'MainThread': missing ScriptRunContext! This warning can be ignored when running in bare mode.
2026-06-06 08:42:12.818 WARNING streamlit.runtime.scriptrunner_utils.script_run_context: Thread 'MainThread': missing ScriptRunContext! This warning can be ignored when running in bare mode.
2026-06-06 08:42:12.819 WARNING streamlit.runtime.scriptrunner_utils.script_run_context: Thread 'MainThread': missing ScriptRunContext! This warning can be ignored when running in bare mode.
2026-06-06 08:42:12.819 WARNING streamlit.runtime.scriptrunner_utils.script_run_context: Thread 'MainThread': missing ScriptRunContext! This warning can be ignored when running in bare mode.
2026-06-06 08:42:12.819 WARNING streamlit.runtime.scriptrunner_utils.script_run_context: Thread 'MainThread': missing ScriptRunContext! This warning can be ignored when running in bare mode.
2026-06-06 08:42:12.821 WARNING streamlit.runtime.scriptrunner_utils.script_run_context: Thread 'MainThread': missing ScriptRunContext! This warning can be ignored when running in bare mode.
2026-06-06 08:42:12.820 WARNING streamlit.runtime.scriptrunner_utils.script_run_context: Thread 'MainThread': missing ScriptRunContext! This warning can be ignored when running in bare mode.
2026-06-06 08:42:12.820 WARNING streamlit.runtime.scriptrunner_utils.script_run_context: Thread 'MainThread': missing ScriptRunContext! This warning can be ignored when running in bare mode.
2026-06-06 08:42:12.820 WARNING streamlit.runtime.scriptrunner_utils.script_run_context: Thread 'MainThread': missing ScriptRunContext! This warning can be ignored when running in bare mode.
2026-06-06 08:42:12.821 WARNING streamlit.runtime.scriptrunner_utils.script_run_context: Thread 'MainThread': missing ScriptRunContext! This warning can be ignored when running in bare mode.
2026-06-06 08:42:12.821 WARNING streamlit.runtime.scriptrunner_utils.script_run_context: Thread 'MainThread': missing ScriptRunContext! This warning can be ignored when running in bare mode.
2026-06-06 08:42:12.821 WARNING streamlit.runtime.scriptrunner_utils.script_run_context: Thread 'MainThread': missing ScriptRunContext! This warning can be ignored when running in bare mode.
2026-06-06 08:42:12.821 WARNING streamlit.runtime.scriptrunner_utils.script_run_context: Thread 'MainThread': missing ScriptRunContext! This warning can be ignored when running in bare mode.
2026-06-06 08:42:12.820 WARNING streamlit.runtime.scriptrunner_utils.script_run_context: Thread 'MainThread': missing ScriptRunContext! This warning can be ignored when running in bare mode.
2026-06-06 08:42:12.821 WARNING streamlit.runtime.scriptrunner_utils.script_run_context: Thread 'MainThread': missing ScriptRunContext! This warning can be ignored when running in bare mode.
2026-06-06 08:42:12.822 WARNING streamlit.runtime.scriptrunner_utils.script_run_context: Thread 'MainThread': missing ScriptRunContext! This warning can be ignored when running in bare mode.
2026-06-06 08:42:12.821 WARNING streamlit.runtime.scriptrunner_utils.script_run_context: Thread 'MainThread': missing ScriptRunContext! This warning can be ignored when running in bare mode.
2026-06-06 08:42:12.821 WARNING streamlit.runtime.scriptrunner_utils.script_run_context: Thread 'MainThread': missing ScriptRunContext! This warning can be ignored when running in bare mode.
2026-06-06 08:42:12.822 WARNING streamlit.runtime.scriptrunner_utils.script_run_context: Thread 'MainThread': missing ScriptRunContext! This warning can be ignored when running in bare mode.
2026-06-06 08:42:12.821 WARNING streamlit.runtime.scriptrunner_utils.script_run_context: Thread 'MainThread': missing ScriptRunContext! This warning can be ignored when running in bare mode.
2026-06-06 08:42:12.822 WARNING streamlit.runtime.scriptrunner_utils.script_run_context: Thread 'MainThread': missing ScriptRunContext! This warning can be ignored when running in bare mode.
2026-06-06 08:42:12.822 WARNING streamlit.runtime.scriptrunner_utils.script_run_context: Thread 'MainThread': missing ScriptRunContext! This warning can be ignored when running in bare mode.
2026-06-06 08:42:12.822 WARNING streamlit.runtime.scriptrunner_utils.script_run_context: Thread 'MainThread': missing ScriptRunContext! This warning can be ignored when running in bare mode.
2026-06-06 08:42:12.823 WARNING streamlit.runtime.scriptrunner_utils.script_run_context: Thread 'MainThread': missing ScriptRunContext! This warning can be ignored when running in bare mode.
2026-06-06 08:42:12.823 WARNING streamlit.runtime.scriptrunner_utils.script_run_context: Thread 'MainThread': missing ScriptRunContext! This warning can be ignored when running in bare mode.
2026-06-06 08:42:12.823 WARNING streamlit.runtime.scriptrunner_utils.script_run_context: Thread 'MainThread': missing ScriptRunContext! This warning can be ignored when running in bare mode.
2026-06-06 08:42:12.824 WARNING streamlit.runtime.scriptrunner_utils.script_run_context: Thread 'MainThread': missing ScriptRunContext! This warning can be ignored when running in bare mode.
2026-06-06 08:42:12.823 WARNING streamlit.runtime.scriptrunner_utils.script_run_context: Thread 'MainThread': missing ScriptRunContext! This warning can be ignored when running in bare mode.
2026-06-06 08:42:12.824 WARNING streamlit.runtime.scriptrunner_utils.script_run_context: Thread 'MainThread': missing ScriptRunContext! This warning can be ignored when running in bare mode.
2026-06-06 08:42:12.824 WARNING streamlit.runtime.scriptrunner_utils.script_run_context: Thread 'MainThread': missing ScriptRunContext! This warning can be ignored when running in bare mode.
2026-06-06 08:42:12.823 WARNING streamlit.runtime.scriptrunner_utils.script_run_context: Thread 'MainThread': missing ScriptRunContext! This warning can be ignored when running in bare mode.
2026-06-06 08:42:12.824 WARNING streamlit.runtime.scriptrunner_utils.script_run_context: Thread 'MainThread': missing ScriptRunContext! This warning can be ignored when running in bare mode.
2026-06-06 08:42:12.823 WARNING streamlit.runtime.scriptrunner_utils.script_run_context: Thread 'MainThread': missing ScriptRunContext! This warning can be ignored when running in bare mode.
2026-06-06 08:42:12.824 WARNING streamlit.runtime.scriptrunner_utils.script_run_context: Thread 'MainThread': missing ScriptRunContext! This warning can be ignored when running in bare mode.
2026-06-06 08:42:12.824 WARNING streamlit.runtime.scriptrunner_utils.script_run_context: Thread 'MainThread': missing ScriptRunContext! This warning can be ignored when running in bare mode.
2026-06-06 08:42:12.824 WARNING streamlit.runtime.scriptrunner_utils.script_run_context: Thread 'MainThread': missing ScriptRunContext! This warning can be ignored when running in bare mode.
2026-06-06 08:42:12.824 WARNING streamlit.runtime.scriptrunner_utils.script_run_context: Thread 'MainThread': missing ScriptRunContext! This warning can be ignored when running in bare mode.
2026-06-06 08:42:12.826 WARNING streamlit.runtime.scriptrunner_utils.script_run_context: Thread 'MainThread': missing ScriptRunContext! This warning can be ignored when running in bare mode.
2026-06-06 08:42:12.826 WARNING streamlit.runtime.scriptrunner_utils.script_run_context: Thread 'MainThread': missing ScriptRunContext! This warning can be ignored when running in bare mode.
2026-06-06 08:42:12.826 WARNING streamlit.runtime.scriptrunner_utils.script_run_context: Thread 'MainThread': missing ScriptRunContext! This warning can be ignored when running in bare mode.
2026-06-06 08:42:12.826 WARNING streamlit.runtime.scriptrunner_utils.script_run_context: Thread 'MainThread': missing ScriptRunContext! This warning can be ignored when running in bare mode.
2026-06-06 08:42:12.826 WARNING streamlit.runtime.scriptrunner_utils.script_run_context: Thread 'MainThread': missing ScriptRunContext! This warning can be ignored when running in bare mode.
2026-06-06 08:42:12.827 WARNING streamlit.runtime.scriptrunner_utils.script_run_context: Thread 'MainThread': missing ScriptRunContext! This warning can be ignored when running in bare mode.
2026-06-06 08:42:12.828 WARNING streamlit.runtime.scriptrunner_utils.script_run_context: Thread 'MainThread': missing ScriptRunContext! This warning can be ignored when running in bare mode.
2026-06-06 08:42:12.827 WARNING streamlit.runtime.scriptrunner_utils.script_run_context: Thread 'MainThread': missing ScriptRunContext! This warning can be ignored when running in bare mode.
2026-06-06 08:42:12.828 WARNING streamlit.runtime.scriptrunner_utils.script_run_context: Thread 'MainThread': missing ScriptRunContext! This warning can be ignored when running in bare mode.
2026-06-06 08:42:12.828 WARNING streamlit.runtime.scriptrunner_utils.script_run_context: Thread 'MainThread': missing ScriptRunContext! This warning can be ignored when running in bare mode.
2026-06-06 08:42:12.827 WARNING streamlit.runtime.scriptrunner_utils.script_run_context: Thread 'MainThread': missing ScriptRunContext! This warning can be ignored when running in bare mode.
2026-06-06 08:42:12.828 WARNING streamlit.runtime.scriptrunner_utils.script_run_context: Thread 'MainThread': missing ScriptRunContext! This warning can be ignored when running in bare mode.
2026-06-06 08:42:12.828 WARNING streamlit.runtime.scriptrunner_utils.script_run_context: Thread 'MainThread': missing ScriptRunContext! This warning can be ignored when running in bare mode.
2026-06-06 08:42:12.829 WARNING streamlit.runtime.scriptrunner_utils.script_run_context: Thread 'MainThread': missing ScriptRunContext! This warning can be ignored when running in bare mode.
2026-06-06 08:42:12.830 WARNING streamlit.runtime.scriptrunner_utils.script_run_context: Thread 'MainThread': missing ScriptRunContext! This warning can be ignored when running in bare mode.
2026-06-06 08:42:12.829 WARNING streamlit.runtime.scriptrunner_utils.script_run_context: Thread 'MainThread': missing ScriptRunContext! This warning can be ignored when running in bare mode.
2026-06-06 08:42:12.829 WARNING streamlit.runtime.scriptrunner_utils.script_run_context: Thread 'MainThread': missing ScriptRunContext! This warning can be ignored when running in bare mode.
2026-06-06 08:42:12.829 WARNING streamlit.runtime.scriptrunner_utils.script_run_context: Thread 'MainThread': missing ScriptRunContext! This warning can be ignored when running in bare mode.
2026-06-06 08:42:12.829 WARNING streamlit.runtime.scriptrunner_utils.script_run_context: Thread 'MainThread': missing ScriptRunContext! This warning can be ignored when running in bare mode.
2026-06-06 08:42:12.830 WARNING streamlit.runtime.scriptrunner_utils.script_run_context: Thread 'MainThread': missing ScriptRunContext! This warning can be ignored when running in bare mode.
2026-06-06 08:42:12.830 WARNING streamlit.runtime.scriptrunner_utils.script_run_context: Thread 'MainThread': missing ScriptRunContext! This warning can be ignored when running in bare mode.
2026-06-06 08:42:12.830 WARNING streamlit.runtime.scriptrunner_utils.script_run_context: Thread 'MainThread': missing ScriptRunContext! This warning can be ignored when running in bare mode.
2026-06-06 08:42:12.830 WARNING streamlit.runtime.scriptrunner_utils.script_run_context: Thread 'MainThread': missing ScriptRunContext! This warning can be ignored when running in bare mode.
2026-06-06 08:42:12.830 WARNING streamlit.runtime.scriptrunner_utils.script_run_context: Thread 'MainThread': missing ScriptRunContext! This warning can be ignored when running in bare mode.
2026-06-06 08:42:12.830 WARNING streamlit.runtime.scriptrunner_utils.script_run_context: Thread 'MainThread': missing ScriptRunContext! This warning can be ignored when running in bare mode.
2026-06-06 08:42:12.830 WARNING streamlit.runtime.scriptrunner_utils.script_run_context: Thread 'MainThread': missing ScriptRunContext! This warning can be ignored when running in bare mode.
2026-06-06 08:42:12.830 WARNING streamlit.runtime.scriptrunner_utils.script_run_context: Thread 'MainThread': missing ScriptRunContext! This warning can be ignored when running in bare mode.
2026-06-06 08:42:12.832 WARNING streamlit.runtime.scriptrunner_utils.script_run_context: Thread 'MainThread': missing ScriptRunContext! This warning can be ignored when running in bare mode.
2026-06-06 08:42:12.832 WARNING streamlit.runtime.scriptrunner_utils.script_run_context: Thread 'MainThread': missing ScriptRunContext! This warning can be ignored when running in bare mode.
2026-06-06 08:42:12.832 WARNING streamlit.runtime.scriptrunner_utils.script_run_context: Thread 'MainThread': missing ScriptRunContext! This warning can be ignored when running in bare mode.
2026-06-06 08:42:12.832 WARNING streamlit.runtime.scriptrunner_utils.script_run_context: Thread 'MainThread': missing ScriptRunContext! This warning can be ignored when running in bare mode.
2026-06-06 08:42:12.833 WARNING streamlit.runtime.scriptrunner_utils.script_run_context: Thread 'MainThread': missing ScriptRunContext! This warning can be ignored when running in bare mode.
2026-06-06 08:42:12.833 WARNING streamlit.runtime.scriptrunner_utils.script_run_context: Thread 'MainThread': missing ScriptRunContext! This warning can be ignored when running in bare mode.
2026-06-06 08:42:12.833 WARNING streamlit.runtime.scriptrunner_utils.script_run_context: Thread 'MainThread': missing ScriptRunContext! This warning can be ignored when running in bare mode.
2026-06-06 08:42:12.833 WARNING streamlit.runtime.scriptrunner_utils.script_run_context: Thread 'MainThread': missing ScriptRunContext! This warning can be ignored when running in bare mode.
2026-06-06 08:42:12.834 WARNING streamlit.runtime.scriptrunner_utils.script_run_context: Thread 'MainThread': missing ScriptRunContext! This warning can be ignored when running in bare mode.
2026-06-06 08:42:12.834 WARNING streamlit.runtime.scriptrunner_utils.script_run_context: Thread 'MainThread': missing ScriptRunContext! This warning can be ignored when running in bare mode.
2026-06-06 08:42:12.834 WARNING streamlit.runtime.scriptrunner_utils.script_run_context: Thread 'MainThread': missing ScriptRunContext! This warning can be ignored when running in bare mode.
2026-06-06 08:42:12.834 WARNING streamlit.runtime.scriptrunner_utils.script_run_context: Thread 'MainThread': missing ScriptRunContext! This warning can be ignored when running in bare mode.
2026-06-06 08:42:12.834 WARNING streamlit.runtime.scriptrunner_utils.script_run_context: Thread 'MainThread': missing ScriptRunContext! This warning can be ignored when running in bare mode.
2026-06-06 08:42:12.835 WARNING streamlit.runtime.scriptrunner_utils.script_run_context: Thread 'MainThread': missing ScriptRunContext! This warning can be ignored when running in bare mode.
2026-06-06 08:42:12.834 WARNING streamlit.runtime.scriptrunner_utils.script_run_context: Thread 'MainThread': missing ScriptRunContext! This warning can be ignored when running in bare mode.
2026-06-06 08:42:12.835 WARNING streamlit.runtime.scriptrunner_utils.script_run_context: Thread 'MainThread': missing ScriptRunContext! This warning can be ignored when running in bare mode.
2026-06-06 08:42:12.835 WARNING streamlit.runtime.scriptrunner_utils.script_run_context: Thread 'MainThread': missing ScriptRunContext! This warning can be ignored when running in bare mode.
2026-06-06 08:42:12.834 WARNING streamlit.runtime.scriptrunner_utils.script_run_context: Thread 'MainThread': missing ScriptRunContext! This warning can be ignored when running in bare mode.
2026-06-06 08:42:12.835 WARNING streamlit.runtime.scriptrunner_utils.script_run_context: Thread 'MainThread': missing ScriptRunContext! This warning can be ignored when running in bare mode.
2026-06-06 08:42:12.835 WARNING streamlit.runtime.scriptrunner_utils.script_run_context: Thread 'MainThread': missing ScriptRunContext! This warning can be ignored when running in bare mode.
2026-06-06 08:42:12.836 WARNING streamlit.runtime.scriptrunner_utils.script_run_context: Thread 'MainThread': missing ScriptRunContext! This warning can be ignored when running in bare mode.
2026-06-06 08:42:12.836 WARNING streamlit.runtime.scriptrunner_utils.script_run_context: Thread 'MainThread': missing ScriptRunContext! This warning can be ignored when running in bare mode.
2026-06-06 08:42:12.836 WARNING streamlit.runtime.scriptrunner_utils.script_run_context: Thread 'MainThread': missing ScriptRunContext! This warning can be ignored when running in bare mode.
2026-06-06 08:42:12.836 WARNING streamlit.runtime.scriptrunner_utils.script_run_context: Thread 'MainThread': missing ScriptRunContext! This warning can be ignored when running in bare mode.
2026-06-06 08:42:12.836 WARNING streamlit.runtime.scriptrunner_utils.script_run_context: Thread 'MainThread': missing ScriptRunContext! This warning can be ignored when running in bare mode.
2026-06-06 08:42:12.838 WARNING streamlit.runtime.scriptrunner_utils.script_run_context: Thread 'MainThread': missing ScriptRunContext! This warning can be ignored when running in bare mode.
2026-06-06 08:42:12.838 WARNING streamlit.runtime.scriptrunner_utils.script_run_context: Thread 'MainThread': missing ScriptRunContext! This warning can be ignored when running in bare mode.
2026-06-06 08:42:12.838 WARNING streamlit.runtime.scriptrunner_utils.script_run_context: Thread 'MainThread': missing ScriptRunContext! This warning can be ignored when running in bare mode.
2026-06-06 08:42:12.838 WARNING streamlit.runtime.scriptrunner_utils.script_run_context: Thread 'MainThread': missing ScriptRunContext! This warning can be ignored when running in bare mode.
2026-06-06 08:42:12.839 WARNING streamlit.runtime.scriptrunner_utils.script_run_context: Thread 'MainThread': missing ScriptRunContext! This warning can be ignored when running in bare mode.
2026-06-06 08:42:12.839 WARNING streamlit.runtime.scriptrunner_utils.script_run_context: Thread 'MainThread': missing ScriptRunContext! This warning can be ignored when running in bare mode.
2026-06-06 08:42:12.839 WARNING streamlit.runtime.scriptrunner_utils.script_run_context: Thread 'MainThread': missing ScriptRunContext! This warning can be ignored when running in bare mode.
2026-06-06 08:42:12.838 WARNING streamlit.runtime.scriptrunner_utils.script_run_context: Thread 'MainThread': missing ScriptRunContext! This warning can be ignored when running in bare mode.
2026-06-06 08:42:12.839 WARNING streamlit.runtime.scriptrunner_utils.script_run_context: Thread 'MainThread': missing ScriptRunContext! This warning can be ignored when running in bare mode.
2026-06-06 08:42:12.839 WARNING streamlit.runtime.scriptrunner_utils.script_run_context: Thread 'MainThread': missing ScriptRunContext! This warning can be ignored when running in bare mode.
2026-06-06 08:42:12.840 WARNING streamlit.runtime.scriptrunner_utils.script_run_context: Thread 'MainThread': missing ScriptRunContext! This warning can be ignored when running in bare mode.
2026-06-06 08:42:12.840 WARNING streamlit.runtime.scriptrunner_utils.script_run_context: Thread 'MainThread': missing ScriptRunContext! This warning can be ignored when running in bare mode.
2026-06-06 08:42:12.840 WARNING streamlit.runtime.scriptrunner_utils.script_run_context: Thread 'MainThread': missing ScriptRunContext! This warning can be ignored when running in bare mode.
2026-06-06 08:42:12.840 Thread 'MainThread': missing ScriptRunContext! This warning can be ignored when running in bare mode.
2026-06-06 08:42:12.840 WARNING streamlit.runtime.scriptrunner_utils.script_run_context: Thread 'MainThread': missing ScriptRunContext! This warning can be ignored when running in bare mode.
2026-06-06 08:42:12.840 WARNING streamlit.runtime.scriptrunner_utils.script_run_context: Thread 'MainThread': missing ScriptRunContext! This warning can be ignored when running in bare mode.
2026-06-06 08:42:12.840 WARNING streamlit.runtime.scriptrunner_utils.script_run_context: Thread 'MainThread': missing ScriptRunContext! This warning can be ignored when running in bare mode.
2026-06-06 08:42:12.841 WARNING streamlit.runtime.scriptrunner_utils.script_run_context: Thread 'MainThread': missing ScriptRunContext! This warning can be ignored when running in bare mode.
2026-06-06 08:42:12.841 Thread 'MainThread': missing ScriptRunContext! This warning can be ignored when running in bare mode.
2026-06-06 08:42:12.841 WARNING streamlit.runtime.scriptrunner_utils.script_run_context: Thread 'MainThread': missing ScriptRunContext! This warning can be ignored when running in bare mode.
2026-06-06 08:42:12.840 WARNING streamlit.runtime.scriptrunner_utils.script_run_context: Thread 'MainThread': missing ScriptRunContext! This warning can be ignored when running in bare mode.
2026-06-06 08:42:12.841 WARNING streamlit.runtime.scriptrunner_utils.script_run_context: Thread 'MainThread': missing ScriptRunContext! This warning can be ignored when running in bare mode.
2026-06-06 08:42:12.841 WARNING streamlit.runtime.scriptrunner_utils.script_run_context: Thread 'MainThread': missing ScriptRunContext! This warning can be ignored when running in bare mode.
2026-06-06 08:42:12.841 Thread 'MainThread': missing ScriptRunContext! This warning can be ignored when running in bare mode.
2026-06-06 08:42:12.842 WARNING streamlit.runtime.scriptrunner_utils.script_run_context: Thread 'MainThread': missing ScriptRunContext! This warning can be ignored when running in bare mode.
2026-06-06 08:42:12.842 WARNING streamlit.runtime.scriptrunner_utils.script_run_context: Thread 'MainThread': missing ScriptRunContext! This warning can be ignored when running in bare mode.
2026-06-06 08:42:12.842 WARNING streamlit.runtime.scriptrunner_utils.script_run_context: Thread 'MainThread': missing ScriptRunContext! This warning can be ignored when running in bare mode.
2026-06-06 08:42:12.843 WARNING streamlit.runtime.scriptrunner_utils.script_run_context: Thread 'MainThread': missing ScriptRunContext! This warning can be ignored when running in bare mode.
2026-06-06 08:42:12.843 WARNING streamlit.runtime.scriptrunner_utils.script_run_context: Thread 'MainThread': missing ScriptRunContext! This warning can be ignored when running in bare mode.
2026-06-06 08:42:12.843 WARNING streamlit.runtime.scriptrunner_utils.script_run_context: Thread 'MainThread': missing ScriptRunContext! This warning can be ignored when running in bare mode.
2026-06-06 08:42:12.843 WARNING streamlit.runtime.scriptrunner_utils.script_run_context: Thread 'MainThread': missing ScriptRunContext! This warning can be ignored when running in bare mode.
2026-06-06 08:42:12.843 Thread 'MainThread': missing ScriptRunContext! This warning can be ignored when running in bare mode.
2026-06-06 08:42:12.844 WARNING streamlit.runtime.scriptrunner_utils.script_run_context: Thread 'MainThread': missing ScriptRunContext! This warning can be ignored when running in bare mode.
2026-06-06 08:42:12.844 Thread 'MainThread': missing ScriptRunContext! This warning can be ignored when running in bare mode.
2026-06-06 08:42:12.844 WARNING streamlit.runtime.scriptrunner_utils.script_run_context: Thread 'MainThread': missing ScriptRunContext! This warning can be ignored when running in bare mode.
2026-06-06 08:42:12.844 Thread 'MainThread': missing ScriptRunContext! This warning can be ignored when running in bare mode.
2026-06-06 08:42:12.844 WARNING streamlit.runtime.scriptrunner_utils.script_run_context: Thread 'MainThread': missing ScriptRunContext! This warning can be ignored when running in bare mode.
2026-06-06 08:42:12.844 Thread 'MainThread': missing ScriptRunContext! This warning can be ignored when running in bare mode.
2026-06-06 08:42:12.845 Thread 'MainThread': missing ScriptRunContext! This warning can be ignored when running in bare mode.
2026-06-06 08:42:12.845 Thread 'MainThread': missing ScriptRunContext! This warning can be ignored when running in bare mode.
2026-06-06 08:42:12.845 Thread 'MainThread': missing ScriptRunContext! This warning can be ignored when running in bare mode.
2026-06-06 08:42:12.845 Thread 'MainThread': missing ScriptRunContext! This warning can be ignored when running in bare mode.
2026-06-06 08:42:12.845 Thread 'MainThread': missing ScriptRunContext! This warning can be ignored when running in bare mode.
2026-06-06 08:42:12.846 Thread 'MainThread': missing ScriptRunContext! This warning can be ignored when running in bare mode.
2026-06-06 08:42:12.846 Thread 'MainThread': missing ScriptRunContext! This warning can be ignored when running in bare mode.
2026-06-06 08:42:12.847 Thread 'MainThread': missing ScriptRunContext! This warning can be ignored when running in bare mode.
2026-06-06 08:42:12.847 Thread 'MainThread': missing ScriptRunContext! This warning can be ignored when running in bare mode.
2026-06-06 08:42:12.847 Thread 'MainThread': missing ScriptRunContext! This warning can be ignored when running in bare mode.
2026-06-06 08:42:12.848 Thread 'MainThread': missing ScriptRunContext! This warning can be ignored when running in bare mode.
